Year,Source,Product Name,Country Name,Volume (kg),Value (USD)
1994,IMP,TUNA BLUEFIN,UNITED KINGDOM,751,54423
1993,IMP,TUNA BLUEFIN,AUSTRALIA,2327,21938
1996,IMP,TUNA BLUEFIN,FRANCE,9730,56893
1999,IMP,TUNA BLUEFIN,CANADA,90313,658114
2001,IMP,TUNA BLUEFIN,TAIWAN,997,19940
2002,IMP,TUNA BLUEFIN,CANADA,2698,40853
2005,IMP,TUNA BLUEFIN,SPAIN,33005,774033
2006,IMP,TUNA BLUEFIN,JAPAN,9864,584570
2001,IMP,TUNA BLUEFIN,CANADA,9271,177976
2002,IMP,TUNA BLUEFIN,MEXICO,136853,1630318
2006,IMP,TUNA BLUEFIN,SPAIN,17555,391061
2007,IMP,TUNA BLUEFIN,MEXICO,45754,828449
1998,IMP,TUNA BLUEFIN,ITALY,1548,16611
2004,IMP,TUNA BLUEFIN,JAPAN,2333,23333
2007,IMP,TUNA BLUEFIN,MEXICO,655106,4917796
1992,IMP,TUNA BLUEFIN,CANADA,12103,62008
1997,IMP,TUNA BLUEFIN,FRANCE,397,19455
1998,IMP,TUNA BLUEFIN,PORTUGAL,4160,46271
2005,IMP,TUNA BLUEFIN,CANADA,42728,972589
2006,IMP,TUNA BLUEFIN,MALTA,896,14346
2007,IMP,TUNA BLUEFIN,MOROCCO,15878,159449
1994,IMP,TUNA BLUEFIN,GREECE,2412,17034
2001,IMP,TUNA BLUEFIN,ITALY,3027,22987
2001,IMP,TUNA BLUEFIN,ITALY,1638,21473
2004,IMP,TUNA BLUEFIN,CANADA,795,17971
2004,IMP,TUNA BLUEFIN,TURKEY,12103,286702
2007,IMP,TUNA BLUEFIN,TURKEY,5848,178515
1991,IMP,TUNA BLUEFIN,INDONESIA,279,1604
2000,IMP,TUNA BLUEFIN,SPAIN,27960,853715
2004,IMP,TUNA BLUEFIN,ITALY,16174,299155
2006,IMP,TUNA BLUEFIN,SPAIN,3733,95226
2005,IMP,TUNA BLUEFIN,TURKEY,5138,103866
1998,IMP,TUNA BLUEFIN,ITALY,651,5637
2000,IMP,TUNA BLUEFIN,ITALY,3638,25612
2003,IMP,TUNA BLUEFIN,MALTA,1014,10840
2002,IMP,TUNA BLUEFIN,SOUTH AFRICA,911,2571
1996,IMP,TUNA BLUEFIN,ITALY,3264,32629
2002,IMP,TUNA BLUEFIN,VIETNAM,3200,33800
2004,IMP,TUNA BLUEFIN,CANADA,2157,35880
1999,IMP,TUNA BLUEFIN,FRANCE,1114,26167
2006,IMP,TUNA BLUEFIN,JAPAN,427,16837
1997,IMP,TUNA BLUEFIN,GRENADA,493,3258
2007,IMP,TUNA BLUEFIN,MOROCCO,1062,10676
2003,IMP,TUNA BLUEFIN,ITALY,3257,75854
1991,IMP,TUNA BLUEFIN,CANADA,35182,72160
2002,IMP,TUNA BLUEFIN,ITALY,850,11646
1997,IMP,TUNA BLUEFIN,ITALY,562,1990
1998,IMP,TUNA BLUEFIN,ITALY,891,9748
1990,IMP,TUNA BLUEFIN,TAIWAN,573,8595
1994,IMP,TUNA BLUEFIN,MEXICO,1045,1568
1999,IMP,TUNA BLUEFIN,CYPRUS,374,2415
2000,IMP,TUNA BLUEFIN,TUNISIA,949,8541
1992,IMP,TUNA BLUEFIN,CANADA,817,13200
2002,IMP,TUNA BLUEFIN,FRENCH POLYNESIA,842,4876
1999,IMP,TUNA BLUEFIN,GREECE,345,3332
1997,IMP,TUNA BLUEFIN,CROATIA,166,1312
2008,IMP,TUNA BLUEFIN,JAPAN,8262,291669
2008,IMP,TUNA BLUEFIN,SPAIN,47118,1225759
2008,IMP,TUNA BLUEFIN,TUNISIA,2342,60237
2008,IMP,TUNA BLUEFIN,JAPAN,54,2465
2008,IMP,TUNA BLUEFIN,CROATIA,1000,47993
2008,IMP,TUNA BLUEFIN,BRAZIL,256,2932
2008,IMP,TUNA BLUEFIN,CANADA,189,7280
2009,IMP,TUNA BLUEFIN,MALTA,13396,261275
2009,IMP,TUNA BLUEFIN,SPAIN,1336,44564
2009,IMP,TUNA BLUEFIN,TURKEY,8981,243674
2009,IMP,TUNA BLUEFIN,ITALY,1342,39192
2010,IMP,TUNA BLUEFIN,ITALY,1523,35199
2005,IMP,TUNA BLUEFIN,JAPAN,40658,1081535
2003,IMP,TUNA BLUEFIN,CYPRUS,655,8395
2004,IMP,TUNA BLUEFIN,TURKEY,14805,178624
2007,IMP,TUNA BLUEFIN,CYPRUS,5705,283774
1999,IMP,TUNA BLUEFIN,GREECE,753,7530
2004,IMP,TUNA BLUEFIN,ITALY,17707,184279
2004,IMP,TUNA BLUEFIN,CROATIA,29821,208742
2006,IMP,TUNA BLUEFIN,ITALY,4977,74657
2007,IMP,TUNA BLUEFIN,ITALY,130,9422
2003,IMP,TUNA BLUEFIN,JAPAN,9278,64943
1996,IMP,TUNA BLUEFIN,MEXICO,108514,89317
2006,IMP,TUNA BLUEFIN,CANADA,507,6037
2004,IMP,TUNA BLUEFIN,TURKEY,137,8419
2005,IMP,TUNA BLUEFIN,TURKEY,4286,98583
1991,IMP,TUNA BLUEFIN,SOUTH KOREA,33615,37847
2004,IMP,TUNA BLUEFIN,ITALY,500,5634
2007,IMP,TUNA BLUEFIN,SOUTH AFRICA,220,2179
2002,IMP,TUNA BLUEFIN,INDONESIA,454,5339
1993,IMP,TUNA BLUEFIN,CANADA,655,12479
2001,IMP,TUNA BLUEFIN,SPAIN,4325,30272
2008,IMP,TUNA BLUEFIN,AUSTRALIA,136,9145
2008,IMP,TUNA BLUEFIN,JAPAN,2847,146049
2008,IMP,TUNA BLUEFIN,INDONESIA,713,6417
2009,IMP,TUNA BLUEFIN,SOUTH KOREA,1147,14676
2010,IMP,TUNA BLUEFIN,SOUTH AFRICA,316,2944
2011,IMP,TUNA BLUEFIN,CROATIA,24610,545350
2011,IMP,TUNA BLUEFIN,INDONESIA,18941,286696
2002,IMP,TUNA BLUEFIN,AUSTRALIA,432558,1056649
2007,IMP,TUNA BLUEFIN,SPAIN,476,16184
2008,IMP,TUNA BLUEFIN,AUSTRALIA,23466,524827
2008,IMP,TUNA BLUEFIN,AUSTRALIA,2028,33972
2009,IMP,TUNA BLUEFIN,NEW ZEALAND,184,2490
2016,IMP,TUNA BLUEFIN,SPAIN,38911,874379
2016,IMP,TUNA BLUEFIN,MALTA,1174,27275
2015,IMP,TUNA BLUEFIN,ICELAND,271,8521
2015,IMP,TUNA BLUEFIN,AUSTRALIA,509,9712
2016,IMP,TUNA BLUEFIN,INDONESIA,613,4660
2017,IMP,TUNA BLUEFIN,AUSTRALIA,5105,67526
2020,IMP,TUNA BLUEFIN,AUSTRALIA,10447,149950
2021,IMP,TUNA BLUEFIN,AUSTRALIA,3281,26245
2021,IMP,TUNA BLUEFIN,SOUTH AFRICA,1804,38466
2021,IMP,TUNA BLUEFIN,AUSTRALIA,2479,25977
2023,IMP,TUNA BLUEFIN,SPAIN,510,16619
2023,IMP,TUNA BLUEFIN,SOUTH AFRICA,36051,549113
2022,IMP,TUNA BLUEFIN,SOUTH AFRICA,8057,140320
2020,IMP,TUNA BLUEFIN,NEW ZEALAND,1904,20583
2025,IMP,TUNA BLUEFIN,AUSTRALIA,25959,298516
2025,IMP,TUNA BLUEFIN,SOUTH AFRICA,29405,214425
2024,IMP,TUNA BLUEFIN,AUSTRALIA,1242,12080
2024,IMP,TUNA BLUEFIN,NEW ZEALAND,60436,625185
2024,IMP,TUNA BLUEFIN,SOUTH AFRICA,55803,641487
2024,IMP,TUNA BLUEFIN,SOUTH AFRICA,15174,253428
2024,IMP,TUNA BLUEFIN,SOUTH AFRICA,6559,123173
2024,IMP,TUNA BLUEFIN,JAPAN,123,6065
2002,IMP,TUNA BLUEFIN,INDONESIA,16993,50769
2008,IMP,TUNA BLUEFIN,INDONESIA,35100,519733
2009,IMP,TUNA BLUEFIN,AUSTRALIA,20986,878627
2013,IMP,TUNA BLUEFIN,JAPAN,10596,649188
2013,IMP,TUNA BLUEFIN,AUSTRALIA,161,8825
2013,IMP,TUNA BLUEFIN,SOUTH KOREA,2151,96813
2015,IMP,TUNA BLUEFIN,JAPAN,284,12403
2014,IMP,TUNA BLUEFIN,AUSTRALIA,2037,81267
2017,IMP,TUNA BLUEFIN,JAPAN,345,17473
2017,IMP,TUNA BLUEFIN,SOUTH KOREA,3475,159455
2015,IMP,TUNA BLUEFIN,JAPAN,12175,442203
2014,IMP,TUNA BLUEFIN,SOUTH AFRICA,4599,28803
2014,IMP,TUNA BLUEFIN,SOUTH AFRICA,5902,42680
2015,IMP,TUNA BLUEFIN,SPAIN,93152,2569732
2015,IMP,TUNA BLUEFIN,SPAIN,29829,702446
2013,IMP,TUNA BLUEFIN,GREECE,2079,59814
2013,IMP,TUNA BLUEFIN,JAPAN,4023,151457
2013,IMP,TUNA BLUEFIN,JAPAN,1036,38802
2013,IMP,TUNA BLUEFIN,GREECE,205,4023
2012,IMP,TUNA BLUEFIN,SPAIN,244625,9398170
2012,IMP,TUNA BLUEFIN,ITALY,242,7913
2012,IMP,TUNA BLUEFIN,SERBIA,1075,47222
2013,IMP,TUNA BLUEFIN,MALTA,764,18729
2013,IMP,TUNA BLUEFIN,SOUTH AFRICA,3642,22115
2013,IMP,TUNA BLUEFIN,PORTUGAL,5944,184289
2016,IMP,TUNA BLUEFIN,MEXICO,626224,10128143
2016,IMP,TUNA BLUEFIN,SPAIN,194380,4849316
2016,IMP,TUNA BLUEFIN,SPAIN,14238,389343
2016,IMP,TUNA BLUEFIN,TURKEY,15422,350851
2016,IMP,TUNA BLUEFIN,CROATIA,455,11812
2016,IMP,TUNA BLUEFIN,GREECE,269,4842
2014,IMP,TUNA BLUEFIN,PORTUGAL,2832,74917
2016,IMP,TUNA BLUEFIN,JAPAN,130,4089
2015,IMP,TUNA BLUEFIN,TURKEY,2050,50463
2016,IMP,TUNA BLUEFIN,SOUTH AFRICA,205,2332
2016,IMP,TUNA BLUEFIN,JAPAN,79,3146
2017,IMP,TUNA BLUEFIN,SPAIN,1028,23019
2017,IMP,TUNA BLUEFIN,TURKEY,13381,278817
2017,IMP,TUNA BLUEFIN,JAPAN,14496,748774
2017,IMP,TUNA BLUEFIN,SPAIN,914,23526
2017,IMP,TUNA BLUEFIN,SOUTH AFRICA,436,4355
2018,IMP,TUNA BLUEFIN,SPAIN,29117,844157
2018,IMP,TUNA BLUEFIN,TURKEY,128,7277
2021,IMP,TUNA BLUEFIN,SPAIN,314603,7644501
2021,IMP,TUNA BLUEFIN,SPAIN,55087,1417560
2021,IMP,TUNA BLUEFIN,TURKEY,7007,140249
2019,IMP,TUNA BLUEFIN,SPAIN,26828,757547
2020,IMP,TUNA BLUEFIN,MEXICO,998688,20177849
2020,IMP,TUNA BLUEFIN,TURKEY,95071,1780385
2020,IMP,TUNA BLUEFIN,JAPAN,2764,131787
2020,IMP,TUNA BLUEFIN,JAPAN,4482,197578
2019,IMP,TUNA BLUEFIN,INDONESIA,971,12827
2021,IMP,TUNA BLUEFIN,MOROCCO,566,15767
2021,IMP,TUNA BLUEFIN,JAPAN,174,5578
2022,IMP,TUNA BLUEFIN,JAPAN,19692,950554
2023,IMP,TUNA BLUEFIN,SPAIN,80499,2522174
2023,IMP,TUNA BLUEFIN,SPAIN,1659,53807
2023,IMP,TUNA BLUEFIN,NEW ZEALAND,2612,35992
2025,IMP,TUNA BLUEFIN,SPAIN,72055,2012539
2025,IMP,TUNA BLUEFIN,CROATIA,29818,521597
2025,IMP,TUNA BLUEFIN,JAPAN,1320,36294
2025,IMP,TUNA BLUEFIN,JAPAN,4898,148588
2025,IMP,TUNA BLUEFIN,MEXICO,4342082,79143166
2024,IMP,TUNA BLUEFIN,FRANCE,4248,121773
2024,IMP,TUNA BLUEFIN,SPAIN,80055,2532416
2024,IMP,TUNA BLUEFIN,SPAIN,38057,1177420
2024,IMP,TUNA BLUEFIN,ITALY,1739,48133
2024,IMP,TUNA BLUEFIN,JAPAN,3878,199143
2024,IMP,TUNA BLUEFIN,JAPAN,2781,167801
2024,IMP,TUNA BLUEFIN,TUNISIA,16317,341779
2024,IMP,TUNA BLUEFIN,SPAIN,7204,144544
2024,IMP,TUNA BLUEFIN,NEW ZEALAND,10096,97585
2024,IMP,TUNA BLUEFIN,SOUTH AFRICA,303,3509
2023,IMP,TUNA BLUEFIN,CANADA,156,5520
2023,IMP,TUNA BLUEFIN,CANADA,179,3950
2026,IMP,TUNA BLUEFIN,ALBANIA,155,2082
2026,IMP,TUNA BLUEFIN,FRANCE,2912,98370
2026,IMP,TUNA BLUEFIN,JAPAN,204,8297
2015,IMP,TUNA BLUEFIN,JAPAN,172,11902
2014,IMP,TUNA BLUEFIN,CROATIA,78837,260951
2014,IMP,TUNA BLUEFIN,TURKEY,368,28175
2018,IMP,TUNA BLUEFIN,LIBYA,10477,34678
2019,IMP,TUNA BLUEFIN,TURKEY,137,8628
2023,IMP,TUNA BLUEFIN,CROATIA,1590,56714
2022,IMP,TUNA BLUEFIN,MALTA,1726,81432
2025,IMP,TUNA BLUEFIN,SOUTH KOREA,23867,85294
2024,IMP,TUNA BLUEFIN,TURKEY,5438,115674
2024,IMP,TUNA BLUEFIN,JAPAN,589,30407
2024,IMP,TUNA BLUEFIN,JAPAN,370,38697
2023,IMP,TUNA BLUEFIN,JAPAN,157,22019
2024,IMP,TUNA BLUEFIN,JAPAN,273,11337
2025,IMP,TUNA BLUEFIN,ITALY,6751,33929
2013,IMP,TUNA BLUEFIN,CROATIA,560,39973
2012,IMP,TUNA BLUEFIN,JAPAN,461,36694
2012,IMP,TUNA BLUEFIN,INDONESIA,3401,74516
2012,IMP,TUNA BLUEFIN,PORTUGAL,2240,74641
2014,IMP,TUNA BLUEFIN,MALTA,111,7618
2014,IMP,TUNA BLUEFIN,INDONESIA,3924,66000
2019,IMP,TUNA BLUEFIN,JAPAN,8,2444
2021,IMP,TUNA BLUEFIN,SOUTH KOREA,6237,378374
2024,IMP,TUNA BLUEFIN,SOUTH KOREA,5626,328917
2026,IMP,TUNA BLUEFIN,JAPAN,4306,209333
2003,IMP,TUNA BLUEFIN,CROATIA,1074,19421
2006,IMP,TUNA BLUEFIN,CANADA,9433,132661
2005,IMP,TUNA BLUEFIN,ITALY,7097,107971
2006,IMP,TUNA BLUEFIN,MALTA,2918,59587
1997,IMP,TUNA BLUEFIN,ITALY,667,4135
1998,IMP,TUNA BLUEFIN,MEXICO,4040,22327
2001,IMP,TUNA BLUEFIN,SPAIN,18637,508394
2002,IMP,TUNA BLUEFIN,VIETNAM,248,2740
2003,IMP,TUNA BLUEFIN,SPAIN,57257,885350
2003,IMP,TUNA BLUEFIN,SPAIN,1419,32686
2007,IMP,TUNA BLUEFIN,ITALY,7357,95557
1999,IMP,TUNA BLUEFIN,ITALY,2361,28935
2006,IMP,TUNA BLUEFIN,MALTA,29575,504406
1990,IMP,TUNA BLUEFIN,TUNISIA,4605,69496
2007,IMP,TUNA BLUEFIN,CANADA,104852,1675959
1999,IMP,TUNA BLUEFIN,JAPAN,883,22272
2001,IMP,TUNA BLUEFIN,MEXICO,5980,36138
2002,IMP,TUNA BLUEFIN,GREECE,15132,101906
1991,IMP,TUNA BLUEFIN,GREECE,130,2860
1993,IMP,TUNA BLUEFIN,CANADA,33618,357675
2002,IMP,TUNA BLUEFIN,JAPAN,486,54286
2002,IMP,TUNA BLUEFIN,ITALY,8445,158167
2004,IMP,TUNA BLUEFIN,GREECE,585,5000
1996,IMP,TUNA BLUEFIN,CANADA,1799,68122
1997,IMP,TUNA BLUEFIN,CANADA,80387,1275906
2005,IMP,TUNA BLUEFIN,CANADA,2879,55051
2007,IMP,TUNA BLUEFIN,ITALY,5760,81941
1994,IMP,TUNA BLUEFIN,CANADA,67776,1269665
1995,IMP,TUNA BLUEFIN,GREECE,9561,91928
1997,IMP,TUNA BLUEFIN,CANADA,326,6660
2005,IMP,TUNA BLUEFIN,MALTA,6070,126806
1999,IMP,TUNA BLUEFIN,CANADA,12497,274983
2007,IMP,TUNA BLUEFIN,CROATIA,441,13318
2002,IMP,TUNA BLUEFIN,CANADA,857,14958
1999,IMP,TUNA BLUEFIN,TAIWAN,1240,4767
1994,IMP,TUNA BLUEFIN,ITALY,1890,16146
2007,IMP,TUNA BLUEFIN,CANADA,920,16224
2001,IMP,TUNA BLUEFIN,TURKEY,15117,199382
2004,IMP,TUNA BLUEFIN,FRANCE,319,14049
1990,IMP,TUNA BLUEFIN,AUSTRALIA,7595,26583
1996,IMP,TUNA BLUEFIN,NEW ZEALAND,717,6337
2002,IMP,TUNA BLUEFIN,SPAIN,422,6219
2004,IMP,TUNA BLUEFIN,ITALY,14156,251989
2006,IMP,TUNA BLUEFIN,COSTA RICA,1505,5310
2006,IMP,TUNA BLUEFIN,TURKEY,541,13698
2007,IMP,TUNA BLUEFIN,UNITED KINGDOM,644,4544
1996,IMP,TUNA BLUEFIN,FRANCE,1234,13672
1997,IMP,TUNA BLUEFIN,PORTUGAL,197,1575
2006,IMP,TUNA BLUEFIN,CANADA,256,7614
1991,IMP,TUNA BLUEFIN,ITALY,216,1422
1998,IMP,TUNA BLUEFIN,CANADA,7759,161416
2001,IMP,TUNA BLUEFIN,TUNISIA,4416,70813
2006,IMP,TUNA BLUEFIN,CANADA,189,5200
2004,IMP,TUNA BLUEFIN,CANADA,222,5880
2005,IMP,TUNA BLUEFIN,CANADA,267,2906
2002,IMP,TUNA BLUEFIN,CYPRUS,370,7826
1997,IMP,TUNA BLUEFIN,GREECE,425,3825
2002,IMP,TUNA BLUEFIN,GREECE,595,5907
1989,IMP,TUNA BLUEFIN,GREECE,275,8250
2003,IMP,TUNA BLUEFIN,GREECE,1151,13479
2003,IMP,TUNA BLUEFIN,GREECE,3373,27360
1991,IMP,TUNA BLUEFIN,UNITED KINGDOM,217,3012
1998,IMP,TUNA BLUEFIN,CROATIA,418,6987
1998,IMP,TUNA BLUEFIN,GREECE,580,6058
2003,IMP,TUNA BLUEFIN,CYPRUS,577,8251
2004,IMP,TUNA BLUEFIN,MALTA,379,6443
2008,IMP,TUNA BLUEFIN,MALTA,26467,485674
2008,IMP,TUNA BLUEFIN,UNITED KINGDOM,800,4400
2008,IMP,TUNA BLUEFIN,CANADA,1462,31294
2008,IMP,TUNA BLUEFIN,CYPRUS,4543,65869
2009,IMP,TUNA BLUEFIN,JAPAN,3730,157397
2011,IMP,TUNA BLUEFIN,JAPAN,6176,241454
2011,IMP,TUNA BLUEFIN,SPAIN,4011,137542
2011,IMP,TUNA BLUEFIN,MEXICO,9503,76747
2010,IMP,TUNA BLUEFIN,MEXICO,11122,94973
2010,IMP,TUNA BLUEFIN,GREECE,6646,143336
2010,IMP,TUNA BLUEFIN,TURKEY,1400,30000
2010,IMP,TUNA BLUEFIN,JAPAN,14331,475422
2010,IMP,TUNA BLUEFIN,AUSTRALIA,269,7524
2010,IMP,TUNA BLUEFIN,SOUTH AFRICA,738,2214
2010,IMP,TUNA BLUEFIN,CANADA,2585,32375
1998,IMP,TUNA BLUEFIN,ITALY,168,1809
2007,IMP,TUNA BLUEFIN,AUSTRALIA,214,11291
1999,IMP,TUNA BLUEFIN,ITALY,315,3976
2001,IMP,TUNA BLUEFIN,SPAIN,53364,1005043
2006,IMP,TUNA BLUEFIN,JAPAN,44521,844071
2007,IMP,TUNA BLUEFIN,JAPAN,18160,952432
2007,IMP,TUNA BLUEFIN,CROATIA,21242,956085
2003,IMP,TUNA BLUEFIN,JAPAN,14062,185574
2005,IMP,TUNA BLUEFIN,JAPAN,20434,979243
2000,IMP,TUNA BLUEFIN,MEXICO,1395,18830
2007,IMP,TUNA BLUEFIN,SOUTH KOREA,208,7035
2007,IMP,TUNA BLUEFIN,TURKEY,4394,249313
1994,IMP,TUNA BLUEFIN,CANADA,3351,49152
2007,IMP,TUNA BLUEFIN,TURKEY,139,8129
1994,IMP,TUNA BLUEFIN,CANADA,342,4582
1992,IMP,TUNA BLUEFIN,CANADA,3549,39120
1995,IMP,TUNA BLUEFIN,CANADA,270,2148
1991,IMP,TUNA BLUEFIN,CANADA,1755,34916
2006,IMP,TUNA BLUEFIN,SOUTH KOREA,348,14967
2007,IMP,TUNA BLUEFIN,TAIWAN,10240,143245
1999,IMP,TUNA BLUEFIN,ITALY,3196,61085
1996,IMP,TUNA BLUEFIN,SPAIN,428,5145
2007,IMP,TUNA BLUEFIN,JAPAN,751,50450
2004,IMP,TUNA BLUEFIN,GERMANY,2782,32643
1995,IMP,TUNA BLUEFIN,FRANCE,378,4315
2004,IMP,TUNA BLUEFIN,SPAIN,6387,56361
2008,IMP,TUNA BLUEFIN,TURKEY,1421,101679
2008,IMP,TUNA BLUEFIN,CROATIA,18293,274389
2008,IMP,TUNA BLUEFIN,ITALY,288,17035
2008,IMP,TUNA BLUEFIN,CHINA,301,5947
2009,IMP,TUNA BLUEFIN,SPAIN,2184,123622
2009,IMP,TUNA BLUEFIN,ITALY,1012,49508
2010,IMP,TUNA BLUEFIN,CROATIA,21110,560424
2010,IMP,TUNA BLUEFIN,JAPAN,104,4452
2010,IMP,TUNA BLUEFIN,TURKEY,1620,83411
2011,IMP,TUNA BLUEFIN,TURKEY,72,6528
2011,IMP,TUNA BLUEFIN,MEXICO,18500,18500
2011,IMP,TUNA BLUEFIN,TURKEY,1055,15819
2005,IMP,TUNA BLUEFIN,AUSTRALIA,82871,1352462
2003,IMP,TUNA BLUEFIN,CANADA,712,5748
2002,IMP,TUNA BLUEFIN,NEW ZEALAND,1022,5502
2004,IMP,TUNA BLUEFIN,NEW ZEALAND,1729,7435
2009,IMP,TUNA BLUEFIN,SOUTH AFRICA,721,2162
2009,IMP,TUNA BLUEFIN,JAPAN,3326,44438
2012,IMP,TUNA BLUEFIN,SOUTH AFRICA,5493,38445
2016,IMP,TUNA BLUEFIN,AUSTRALIA,3342,53161
2017,IMP,TUNA BLUEFIN,SOUTH AFRICA,2633,7832
2018,IMP,TUNA BLUEFIN,AUSTRALIA,1091,9823
2018,IMP,TUNA BLUEFIN,NEW ZEALAND,258,2838
2021,IMP,TUNA BLUEFIN,SOUTH AFRICA,47862,838215
2021,IMP,TUNA BLUEFIN,BRAZIL,878,4237
2023,IMP,TUNA BLUEFIN,NEW ZEALAND,42396,326522
2023,IMP,TUNA BLUEFIN,AUSTRALIA,82523,1175590
2022,IMP,TUNA BLUEFIN,AUSTRALIA,99166,1137934
2022,IMP,TUNA BLUEFIN,SOUTH AFRICA,44292,737450
2020,IMP,TUNA BLUEFIN,SOUTH AFRICA,635,10867
2022,IMP,TUNA BLUEFIN,AUSTRALIA,27089,402687
2025,IMP,TUNA BLUEFIN,SOUTH AFRICA,2174,19442
2024,IMP,TUNA BLUEFIN,PORTUGAL,1486,29608
2025,IMP,TUNA BLUEFIN,JAPAN,139,3973
2002,IMP,TUNA BLUEFIN,AUSTRALIA,121781,243561
2004,IMP,TUNA BLUEFIN,AUSTRALIA,1991,29008
2002,IMP,TUNA BLUEFIN,AUSTRALIA,15995,31989
2008,IMP,TUNA BLUEFIN,ITALY,1015,46815
2010,IMP,TUNA BLUEFIN,JAPAN,77,3959
2011,IMP,TUNA BLUEFIN,AUSTRALIA,353,22144
2012,IMP,TUNA BLUEFIN,JAPAN,770,19557
2019,IMP,TUNA BLUEFIN,TURKEY,2241,116329
2019,IMP,TUNA BLUEFIN,INDONESIA,10874,198511
2025,IMP,TUNA BLUEFIN,JAPAN,9782,303712
2026,IMP,TUNA BLUEFIN,JAPAN,1105,32805
2014,IMP,TUNA BLUEFIN,SPAIN,14958,475098
2014,IMP,TUNA BLUEFIN,JAPAN,655,21627
2015,IMP,TUNA BLUEFIN,SPAIN,16360,429130
2012,IMP,TUNA BLUEFIN,GREECE,2235,66283
2012,IMP,TUNA BLUEFIN,JAPAN,4708,202638
2012,IMP,TUNA BLUEFIN,CANADA,62807,993541
2012,IMP,TUNA BLUEFIN,PORTUGAL,2635,81810
2012,IMP,TUNA BLUEFIN,PORTUGAL,7127,237116
2013,IMP,TUNA BLUEFIN,MALTA,329,9870
2014,IMP,TUNA BLUEFIN,SPAIN,7718,256512
2015,IMP,TUNA BLUEFIN,MALTA,360,8870
2015,IMP,TUNA BLUEFIN,ITALY,613,8761
2015,IMP,TUNA BLUEFIN,ITALY,260,4433
2014,IMP,TUNA BLUEFIN,CANADA,633,13950
2016,IMP,TUNA BLUEFIN,MALTA,821,13964
2017,IMP,TUNA BLUEFIN,JAPAN,12915,469262
2017,IMP,TUNA BLUEFIN,PORTUGAL,628,13958
2018,IMP,TUNA BLUEFIN,TURKEY,13535,248300
2018,IMP,TUNA BLUEFIN,JAPAN,2598,107537
2018,IMP,TUNA BLUEFIN,JAPAN,22871,1139351
2018,IMP,TUNA BLUEFIN,SPAIN,332,10805
2018,IMP,TUNA BLUEFIN,MEXICO,2627,36369
2018,IMP,TUNA BLUEFIN,FRANCE,35339,1022403
2018,IMP,TUNA BLUEFIN,SPAIN,65,2424
2020,IMP,TUNA BLUEFIN,SPAIN,117894,3256001
2020,IMP,TUNA BLUEFIN,SPAIN,4280,119019
2020,IMP,TUNA BLUEFIN,TURKEY,29915,585750
2019,IMP,TUNA BLUEFIN,SPAIN,1448,31212
2019,IMP,TUNA BLUEFIN,CANADA,146657,1880422
2019,IMP,TUNA BLUEFIN,TURKEY,37,2213
2019,IMP,TUNA BLUEFIN,TURKEY,1948,45868
2020,IMP,TUNA BLUEFIN,MEXICO,18445,100880
2020,IMP,TUNA BLUEFIN,NEW ZEALAND,174,6471
2021,IMP,TUNA BLUEFIN,SPAIN,12774,345322
2021,IMP,TUNA BLUEFIN,TURKEY,28,2211
2022,IMP,TUNA BLUEFIN,JAPAN,11063,710916
2022,IMP,TUNA BLUEFIN,JAPAN,9712,447152
2023,IMP,TUNA BLUEFIN,SPAIN,721,25362
2023,IMP,TUNA BLUEFIN,SPAIN,6089,211169
2023,IMP,TUNA BLUEFIN,SPAIN,67856,2189576
2023,IMP,TUNA BLUEFIN,PORTUGAL,1300,23086
2023,IMP,TUNA BLUEFIN,JAPAN,27945,1042586
2022,IMP,TUNA BLUEFIN,SPAIN,240084,7083735
2022,IMP,TUNA BLUEFIN,SPAIN,6347,195563
2023,IMP,TUNA BLUEFIN,JAPAN,458,15983
2022,IMP,TUNA BLUEFIN,MALTA,16727,400975
2025,IMP,TUNA BLUEFIN,SPAIN,24109,702211
2025,IMP,TUNA BLUEFIN,ALBANIA,4278,51941
2025,IMP,TUNA BLUEFIN,MOROCCO,35525,875456
2024,IMP,TUNA BLUEFIN,SPAIN,84560,2546828
2024,IMP,TUNA BLUEFIN,JAPAN,22250,1123860
2024,IMP,TUNA BLUEFIN,ALBANIA,4861,127301
2025,IMP,TUNA BLUEFIN,MEXICO,8445,75247
2024,IMP,TUNA BLUEFIN,TUNISIA,40553,941071
2022,IMP,TUNA BLUEFIN,FRANCE,2594,64944
2021,IMP,TUNA BLUEFIN,SPAIN,893,25228
2026,IMP,TUNA BLUEFIN,CROATIA,3864,38640
2026,IMP,TUNA BLUEFIN,ALBANIA,32088,393229
2026,IMP,TUNA BLUEFIN,JAPAN,160,8694
2025,IMP,TUNA BLUEFIN,JAPAN,72,2010
2025,IMP,TUNA BLUEFIN,MOROCCO,1884,44594
2015,IMP,TUNA BLUEFIN,JAPAN,13856,51899
2012,IMP,TUNA BLUEFIN,MALTA,34551,144231
2012,IMP,TUNA BLUEFIN,JAPAN,156078,470000
2015,IMP,TUNA BLUEFIN,SPAIN,3566,11804
2017,IMP,TUNA BLUEFIN,JAPAN,18188,106961
2020,IMP,TUNA BLUEFIN,CROATIA,12913,92702
2023,IMP,TUNA BLUEFIN,JAPAN,238,26242
2025,IMP,TUNA BLUEFIN,JAPAN,227,10723
2024,IMP,TUNA BLUEFIN,MALTA,90,4313
2025,IMP,TUNA BLUEFIN,JAPAN,170,8037
2023,IMP,TUNA BLUEFIN,MALTA,35,2258
2013,IMP,TUNA BLUEFIN,PHILIPPINES,9252,91725
2014,IMP,TUNA BLUEFIN,INDONESIA,5443,97800
2017,IMP,TUNA BLUEFIN,SOUTH KOREA,2486,37293
2018,IMP,TUNA BLUEFIN,TURKEY,123,6251
2018,IMP,TUNA BLUEFIN,JAPAN,150,8173
2019,IMP,TUNA BLUEFIN,JAPAN,229,12832
2025,IMP,TUNA BLUEFIN,JAPAN,33554,1578436
2024,IMP,TUNA BLUEFIN,JAPAN,37024,1829185
2002,IMP,TUNA BLUEFIN,SPAIN,159637,2657559
2001,IMP,TUNA BLUEFIN,MEXICO,29281,285843
2003,IMP,TUNA BLUEFIN,GREECE,1131,24185
2004,IMP,TUNA BLUEFIN,CANADA,33563,664178
2006,IMP,TUNA BLUEFIN,SPAIN,70101,1470138
2006,IMP,TUNA BLUEFIN,JAPAN,390,18144
1998,IMP,TUNA BLUEFIN,SPAIN,48796,939067
2001,IMP,TUNA BLUEFIN,ITALY,11803,165636
2001,IMP,TUNA BLUEFIN,TURKEY,33518,158499
2004,IMP,TUNA BLUEFIN,SPAIN,144352,2657636
2004,IMP,TUNA BLUEFIN,TUNISIA,5803,87045
2003,IMP,TUNA BLUEFIN,MEXICO,835732,8938734
2006,IMP,TUNA BLUEFIN,MEXICO,79416,1157105
1996,IMP,TUNA BLUEFIN,SPAIN,242,4944
1999,IMP,TUNA BLUEFIN,GREECE,1975,18173
2000,IMP,TUNA BLUEFIN,CANADA,56946,1121610
2002,IMP,TUNA BLUEFIN,CANADA,126760,2244789
2001,IMP,TUNA BLUEFIN,SPAIN,9200,105305
2003,IMP,TUNA BLUEFIN,CANADA,7095,104987
2003,IMP,TUNA BLUEFIN,ITALY,360,4960
2001,IMP,TUNA BLUEFIN,JAPAN,82,9439
2003,IMP,TUNA BLUEFIN,JAPAN,23031,333366
2001,IMP,TUNA BLUEFIN,NEW ZEALAND,697,3030
2006,IMP,TUNA BLUEFIN,SPAIN,39906,481677
1996,IMP,TUNA BLUEFIN,ST.VINCENT-GRENADINE,1100,4108
2006,IMP,TUNA BLUEFIN,CANADA,1171,20668
2003,IMP,TUNA BLUEFIN,CANADA,129618,1977825
2004,IMP,TUNA BLUEFIN,ITALY,249,8687
2007,IMP,TUNA BLUEFIN,CANADA,3869,79280
2007,IMP,TUNA BLUEFIN,MEXICO,2290,12977
2001,IMP,TUNA BLUEFIN,CANADA,68592,1102626
2006,IMP,TUNA BLUEFIN,CANADA,611,15144
2007,IMP,TUNA BLUEFIN,SOUTH AFRICA,261,2584
1992,IMP,TUNA BLUEFIN,TUNISIA,2648,22333
2000,IMP,TUNA BLUEFIN,CANADA,326,7190
2002,IMP,TUNA BLUEFIN,SPAIN,5174,60077
2003,IMP,TUNA BLUEFIN,TURKEY,12283,218914
2005,IMP,TUNA BLUEFIN,MEXICO,3894,27255
2003,IMP,TUNA BLUEFIN,GREECE,2438,32647
2000,IMP,TUNA BLUEFIN,ITALY,5160,179220
1996,IMP,TUNA BLUEFIN,TUNISIA,13809,76735
1998,IMP,TUNA BLUEFIN,JAPAN,231,4368
2002,IMP,TUNA BLUEFIN,CANADA,1134,27456
2007,IMP,TUNA BLUEFIN,CANADA,2301,28519
1998,IMP,TUNA BLUEFIN,NEW ZEALAND,915,3744
1999,IMP,TUNA BLUEFIN,JAPAN,30,2087
2003,IMP,TUNA BLUEFIN,CYPRUS,1774,22769
2002,IMP,TUNA BLUEFIN,JAPAN,10563,105629
1999,IMP,TUNA BLUEFIN,CANADA,238,5250
2006,IMP,TUNA BLUEFIN,MEXICO,8408,55800
2003,IMP,TUNA BLUEFIN,VIETNAM,958,5304
2005,IMP,TUNA BLUEFIN,GREECE,1364,18175
1990,IMP,TUNA BLUEFIN,AUSTRALIA,900,5754
2003,IMP,TUNA BLUEFIN,CANADA,202,5352
2001,IMP,TUNA BLUEFIN,CANADA,299,2310
2005,IMP,TUNA BLUEFIN,COOK IS.,142,2258
2004,IMP,TUNA BLUEFIN,PORTUGAL,144,3168
1994,IMP,TUNA BLUEFIN,ITALY,709,1418
2000,IMP,TUNA BLUEFIN,CANADA,216,4750
2003,IMP,TUNA BLUEFIN,SPAIN,1959,50560
2007,IMP,TUNA BLUEFIN,TUNISIA,1352,51510
2006,IMP,TUNA BLUEFIN,ITALY,1369,26252
2000,IMP,TUNA BLUEFIN,TUNISIA,249,2041
1996,IMP,TUNA BLUEFIN,TAIWAN,633,5112
2000,IMP,TUNA BLUEFIN,TAIWAN,4351,74852
2003,IMP,TUNA BLUEFIN,FRANCE,702,14774
2008,IMP,TUNA BLUEFIN,TUNISIA,2722,51177
2008,IMP,TUNA BLUEFIN,AUSTRALIA,2742,53848
2008,IMP,TUNA BLUEFIN,CANADA,135403,1740363
2008,IMP,TUNA BLUEFIN,SOUTH AFRICA,1040,14385
2009,IMP,TUNA BLUEFIN,CROATIA,2308,39336
2009,IMP,TUNA BLUEFIN,SOUTH KOREA,489,9039
2009,IMP,TUNA BLUEFIN,CROATIA,7993,158681
2009,IMP,TUNA BLUEFIN,ITALY,5914,85003
2009,IMP,TUNA BLUEFIN,AUSTRALIA,169,2071
2009,IMP,TUNA BLUEFIN,ITALY,1170,27609
2009,IMP,TUNA BLUEFIN,PORTUGAL,393,3925
2011,IMP,TUNA BLUEFIN,JAPAN,387,13942
2011,IMP,TUNA BLUEFIN,CANADA,80131,1453503
2011,IMP,TUNA BLUEFIN,ITALY,250,2250
2011,IMP,TUNA BLUEFIN,SOUTH AFRICA,837,2511
2011,IMP,TUNA BLUEFIN,ITALY,1312,34141
2011,IMP,TUNA BLUEFIN,SPAIN,1392,52827
2010,IMP,TUNA BLUEFIN,MALTA,13611,339635
2010,IMP,TUNA BLUEFIN,JAPAN,9807,264147
2010,IMP,TUNA BLUEFIN,TUNISIA,5356,112218
2010,IMP,TUNA BLUEFIN,GREECE,496,8604
2010,IMP,TUNA BLUEFIN,ECUADOR,730,7638
2005,IMP,TUNA BLUEFIN,CYPRUS,5588,83816
1999,IMP,TUNA BLUEFIN,SPAIN,79137,840383
1996,IMP,TUNA BLUEFIN,SPAIN,342,11215
2002,IMP,TUNA BLUEFIN,JAPAN,16717,199213
2004,IMP,TUNA BLUEFIN,SPAIN,5135,39240
2007,IMP,TUNA BLUEFIN,TURKEY,342,22216
1989,IMP,TUNA BLUEFIN,MEXICO,2863,11593
2000,IMP,TUNA BLUEFIN,JAPAN,41,6275
1990,IMP,TUNA BLUEFIN,CANADA,28500,416349
2007,IMP,TUNA BLUEFIN,ITALY,1363,92527
2007,IMP,TUNA BLUEFIN,SPAIN,451,12177
1992,IMP,TUNA BLUEFIN,ITALY,349,2268
2005,IMP,TUNA BLUEFIN,CANADA,3046,54792
2008,IMP,TUNA BLUEFIN,JAPAN,3296,139988
2008,IMP,TUNA BLUEFIN,SOUTH KOREA,8323,98519
2007,IMP,TUNA BLUEFIN,NEW ZEALAND,1567,11011
2004,IMP,TUNA BLUEFIN,NEW ZEALAND,5477,33285
2007,IMP,TUNA BLUEFIN,AUSTRALIA,22860,366782
2003,IMP,TUNA BLUEFIN,JAPAN,277,6330
2006,IMP,TUNA BLUEFIN,PHILIPPINES,1161,4606
2009,IMP,TUNA BLUEFIN,AUSTRALIA,39375,500569
2012,IMP,TUNA BLUEFIN,CANADA,1295,24826
2015,IMP,TUNA BLUEFIN,MEXICO,2040,11243
2014,IMP,TUNA BLUEFIN,NEW ZEALAND,4488,27777
2016,IMP,TUNA BLUEFIN,AUSTRALIA,4083,63009
2017,IMP,TUNA BLUEFIN,AUSTRALIA,4817,61064
2018,IMP,TUNA BLUEFIN,AUSTRALIA,15344,218549
2018,IMP,TUNA BLUEFIN,SOUTH AFRICA,22044,146723
2021,IMP,TUNA BLUEFIN,AUSTRALIA,69599,1005457
2020,IMP,TUNA BLUEFIN,SOUTH AFRICA,33174,472533
2021,IMP,TUNA BLUEFIN,AUSTRALIA,231672,2932664
2021,IMP,TUNA BLUEFIN,SOUTH AFRICA,359,7514
2022,IMP,TUNA BLUEFIN,NEW ZEALAND,52805,416354
2022,IMP,TUNA BLUEFIN,AUSTRALIA,96262,1056086
2020,IMP,TUNA BLUEFIN,AUSTRALIA,1115,19672
2023,IMP,TUNA BLUEFIN,AUSTRALIA,2087,38175
2025,IMP,TUNA BLUEFIN,AUSTRALIA,55628,451885
2024,IMP,TUNA BLUEFIN,SOUTH AFRICA,3350,63222
2004,IMP,TUNA BLUEFIN,JAPAN,5529,14658
2007,IMP,TUNA BLUEFIN,THAILAND,13710,154630
2008,IMP,TUNA BLUEFIN,THAILAND,8630,91235
2008,IMP,TUNA BLUEFIN,INDONESIA,5390,110221
2011,IMP,TUNA BLUEFIN,JAPAN,196,5096
2015,IMP,TUNA BLUEFIN,SPAIN,452,23770
2015,IMP,TUNA BLUEFIN,PHILIPPINES,13608,335529
2016,IMP,TUNA BLUEFIN,AUSTRALIA,4880,209085
2016,IMP,TUNA BLUEFIN,SPAIN,116,5925
2018,IMP,TUNA BLUEFIN,JAPAN,19601,718524
2019,IMP,TUNA BLUEFIN,AUSTRALIA,6215,286586
2019,IMP,TUNA BLUEFIN,SOUTH KOREA,969,45437
2014,IMP,TUNA BLUEFIN,SPAIN,1693,57757
2015,IMP,TUNA BLUEFIN,JAPAN,613,18380
2012,IMP,TUNA BLUEFIN,JAPAN,1589,73697
2012,IMP,TUNA BLUEFIN,MEXICO,40154,308088
2012,IMP,TUNA BLUEFIN,SOUTH AFRICA,4013,45212
2013,IMP,TUNA BLUEFIN,SPAIN,6297,248192
2016,IMP,TUNA BLUEFIN,SPAIN,11768,256745
2016,IMP,TUNA BLUEFIN,TURKEY,8122,181482
2015,IMP,TUNA BLUEFIN,CANADA,483,3724
2016,IMP,TUNA BLUEFIN,SPAIN,345,7300
2016,IMP,TUNA BLUEFIN,MEXICO,862,4750
2015,IMP,TUNA BLUEFIN,GREECE,108,2076
2017,IMP,TUNA BLUEFIN,MEXICO,592163,10447451
2017,IMP,TUNA BLUEFIN,SPAIN,2225,49609
2017,IMP,TUNA BLUEFIN,JAPAN,63,3869
2017,IMP,TUNA BLUEFIN,GREECE,504,14134
2017,IMP,TUNA BLUEFIN,SOUTH AFRICA,3545,30602
2017,IMP,TUNA BLUEFIN,CANADA,67763,959307
2018,IMP,TUNA BLUEFIN,SPAIN,14142,393988
2018,IMP,TUNA BLUEFIN,SPAIN,19757,503647
2018,IMP,TUNA BLUEFIN,JAPAN,1596,73343
2018,IMP,TUNA BLUEFIN,JAPAN,1485,56532
2018,IMP,TUNA BLUEFIN,SPAIN,334,7670
2018,IMP,TUNA BLUEFIN,SOUTH AFRICA,2222,16148
2018,IMP,TUNA BLUEFIN,CROATIA,181,2461
2021,IMP,TUNA BLUEFIN,JAPAN,7163,351408
2021,IMP,TUNA BLUEFIN,SPAIN,1396,33456
2019,IMP,TUNA BLUEFIN,SPAIN,560585,15007035
2019,IMP,TUNA BLUEFIN,SPAIN,20188,545605
2019,IMP,TUNA BLUEFIN,TURKEY,6772,136671
2020,IMP,TUNA BLUEFIN,SPAIN,1398,40726
2020,IMP,TUNA BLUEFIN,SPAIN,176888,4235924
2020,IMP,TUNA BLUEFIN,SPAIN,4431,125464
2020,IMP,TUNA BLUEFIN,TURKEY,1304,28337
2019,IMP,TUNA BLUEFIN,FRANCE,5021,138734
2019,IMP,TUNA BLUEFIN,SOUTH AFRICA,2600,34399
2020,IMP,TUNA BLUEFIN,TUNISIA,350,8693
2020,IMP,TUNA BLUEFIN,CROATIA,192,4608
2020,IMP,TUNA BLUEFIN,CHILE,1132,6139
2021,IMP,TUNA BLUEFIN,SOUTH AFRICA,3571,78117
2022,IMP,TUNA BLUEFIN,SPAIN,27231,805290
2022,IMP,TUNA BLUEFIN,SPAIN,33203,963198
2022,IMP,TUNA BLUEFIN,SPAIN,7259,222196
2023,IMP,TUNA BLUEFIN,SPAIN,379,10337
2023,IMP,TUNA BLUEFIN,SPAIN,461198,14190343
2023,IMP,TUNA BLUEFIN,JAPAN,4657,233497
2022,IMP,TUNA BLUEFIN,MEXICO,3130204,72974778
2022,IMP,TUNA BLUEFIN,MALTA,1750,43815
2022,IMP,TUNA BLUEFIN,MALTA,2561,64719
2025,IMP,TUNA BLUEFIN,SPAIN,75919,2195314
2025,IMP,TUNA BLUEFIN,SPAIN,58273,1885764
2025,IMP,TUNA BLUEFIN,SPAIN,71704,2095049
2025,IMP,TUNA BLUEFIN,SPAIN,25894,758526
2025,IMP,TUNA BLUEFIN,CROATIA,68569,1253938
2025,IMP,TUNA BLUEFIN,CROATIA,15593,266370
2025,IMP,TUNA BLUEFIN,JAPAN,13272,660385
2025,IMP,TUNA BLUEFIN,FRANCE,5593,186219
2024,IMP,TUNA BLUEFIN,CROATIA,21917,437025
2024,IMP,TUNA BLUEFIN,CROATIA,28230,539644
2024,IMP,TUNA BLUEFIN,TURKEY,15802,309464
2024,IMP,TUNA BLUEFIN,PORTUGAL,232,5901
2024,IMP,TUNA BLUEFIN,TUNISIA,248,5600
2026,IMP,TUNA BLUEFIN,SPAIN,951,27859
2026,IMP,TUNA BLUEFIN,ITALY,2129,56958
2026,IMP,TUNA BLUEFIN,CROATIA,2400,25258
2026,IMP,TUNA BLUEFIN,JAPAN,2400,69477
2026,IMP,TUNA BLUEFIN,JAPAN,5867,174818
2026,IMP,TUNA BLUEFIN,SPAIN,112615,2816593
2026,IMP,TUNA BLUEFIN,SPAIN,72761,1906130
2025,IMP,TUNA BLUEFIN,NORWAY,2760,36516
2025,IMP,TUNA BLUEFIN,NEW ZEALAND,731,5817
2013,IMP,TUNA BLUEFIN,MEXICO,34364,113744
2016,IMP,TUNA BLUEFIN,MALTA,24231,105120
2018,IMP,TUNA BLUEFIN,JAPAN,10,3120
2018,IMP,TUNA BLUEFIN,TURKEY,4092,13546
2020,IMP,TUNA BLUEFIN,JAPAN,45,2797
2021,IMP,TUNA BLUEFIN,CROATIA,134,6723
2021,IMP,TUNA BLUEFIN,TURKEY,235,17929
2022,IMP,TUNA BLUEFIN,JAPAN,1518,112944
2024,IMP,TUNA BLUEFIN,JAPAN,158,26785
2022,IMP,TUNA BLUEFIN,COSTA RICA,60,2055
2026,IMP,TUNA BLUEFIN,TURKEY,1670,77760
2015,IMP,TUNA BLUEFIN,MALTA,339,21491
2016,IMP,TUNA BLUEFIN,SPAIN,157,5844
2017,IMP,TUNA BLUEFIN,SPAIN,895,41494
2017,IMP,TUNA BLUEFIN,INDONESIA,14734,281538
2017,IMP,TUNA BLUEFIN,INDONESIA,10121,189236
2019,IMP,TUNA BLUEFIN,TURKEY,1134,65271
2019,IMP,TUNA BLUEFIN,JAPAN,31532,1827200
2019,IMP,TUNA BLUEFIN,SOUTH KOREA,1804,106859
2024,IMP,TUNA BLUEFIN,CROATIA,1478,75355
2026,IMP,TUNA BLUEFIN,CROATIA,935,29873
1998,IMP,TUNA BLUEFIN,GREECE,4568,29091
2000,IMP,TUNA BLUEFIN,AUSTRALIA,18097,454779
2001,IMP,TUNA BLUEFIN,CYPRUS,8214,138579
2001,IMP,TUNA BLUEFIN,SPAIN,23911,270737
2005,IMP,TUNA BLUEFIN,CANADA,2858,67161
1989,IMP,TUNA BLUEFIN,TUNISIA,5081,62841
1989,IMP,TUNA BLUEFIN,CANADA,244,4285
1990,IMP,TUNA BLUEFIN,CANADA,134484,1425010
2000,IMP,TUNA BLUEFIN,MEXICO,40947,830249
2003,IMP,TUNA BLUEFIN,SPAIN,193986,3427033
2006,IMP,TUNA BLUEFIN,CANADA,68143,1297919
1998,IMP,TUNA BLUEFIN,CANADA,115009,1493998
2001,IMP,TUNA BLUEFIN,MEXICO,2226,10269
2002,IMP,TUNA BLUEFIN,CANADA,47831,856274
2003,IMP,TUNA BLUEFIN,CANADA,953,31088
2007,IMP,TUNA BLUEFIN,ITALY,1122,11355
1996,IMP,TUNA BLUEFIN,ITALY,2602,44239
2002,IMP,TUNA BLUEFIN,SPAIN,19004,334412
2004,IMP,TUNA BLUEFIN,SPAIN,4544,66820
2005,IMP,TUNA BLUEFIN,ITALY,496,9293
1994,IMP,TUNA BLUEFIN,CANADA,1420,39685
1999,IMP,TUNA BLUEFIN,CANADA,786,18154
2000,IMP,TUNA BLUEFIN,JAPAN,354,24536
2002,IMP,TUNA BLUEFIN,CANADA,522,11191
2006,IMP,TUNA BLUEFIN,TUNISIA,20403,427977
2007,IMP,TUNA BLUEFIN,GREECE,878,16689
2000,IMP,TUNA BLUEFIN,ITALY,562,11542
2005,IMP,TUNA BLUEFIN,MALTA,7977,162358
1994,IMP,TUNA BLUEFIN,CANADA,224,3451
2007,IMP,TUNA BLUEFIN,URUGUAY,448,2460
2001,IMP,TUNA BLUEFIN,ITALY,8067,178789
1995,IMP,TUNA BLUEFIN,GREECE,243,2430
1997,IMP,TUNA BLUEFIN,ITALY,195,1683
1998,IMP,TUNA BLUEFIN,NEW ZEALAND,1036,22140
2001,IMP,TUNA BLUEFIN,VIETNAM,499,3098
2007,IMP,TUNA BLUEFIN,TUNISIA,1324,27927
1995,IMP,TUNA BLUEFIN,ITALY,710,4345
1998,IMP,TUNA BLUEFIN,AUSTRALIA,7572,110678
1999,IMP,TUNA BLUEFIN,MEXICO,308084,858027
2002,IMP,TUNA BLUEFIN,CANADA,848,24355
2005,IMP,TUNA BLUEFIN,JAPAN,820,40973
2004,IMP,TUNA BLUEFIN,TURKEY,6155,87364
1995,IMP,TUNA BLUEFIN,MEXICO,2943,20343
2005,IMP,TUNA BLUEFIN,ITALY,7233,133153
1994,IMP,TUNA BLUEFIN,FRANCE,386,1907
1998,IMP,TUNA BLUEFIN,ITALY,1807,17864
1997,IMP,TUNA BLUEFIN,MEXICO,3032,13835
2000,IMP,TUNA BLUEFIN,CANADA,358,10600
1990,IMP,TUNA BLUEFIN,MEXICO,1200,1680
2003,IMP,TUNA BLUEFIN,VENEZUELA,1310,29437
1993,IMP,TUNA BLUEFIN,ECUADOR,257,3396
2007,IMP,TUNA BLUEFIN,SOUTH AFRICA,1038,8364
2000,IMP,TUNA BLUEFIN,AUSTRALIA,151,3816
2005,IMP,TUNA BLUEFIN,CANADA,569,6270
2000,IMP,TUNA BLUEFIN,VIETNAM,2250,21453
1994,IMP,TUNA BLUEFIN,BERMUDA,323,2139
2001,IMP,TUNA BLUEFIN,GREECE,1290,11054
2005,IMP,TUNA BLUEFIN,JAPAN,200,14412
1998,IMP,TUNA BLUEFIN,AUSTRIA,1598,16198
2005,IMP,TUNA BLUEFIN,CANADA,227,4636
1995,IMP,TUNA BLUEFIN,ECUADOR,2279,6812
2007,IMP,TUNA BLUEFIN,TRINIDAD & TOBAGO,147,4212
2008,IMP,TUNA BLUEFIN,SPAIN,12445,291881
2008,IMP,TUNA BLUEFIN,MEXICO,54345,800229
2008,IMP,TUNA BLUEFIN,JAPAN,3819,127591
2008,IMP,TUNA BLUEFIN,JAPAN,274,12012
2008,IMP,TUNA BLUEFIN,ITALY,21781,362828
2008,IMP,TUNA BLUEFIN,CANADA,13703,351359
2008,IMP,TUNA BLUEFIN,SPAIN,826,19218
2008,IMP,TUNA BLUEFIN,TURKEY,979,31507
2009,IMP,TUNA BLUEFIN,JAPAN,4312,168267
2009,IMP,TUNA BLUEFIN,SPAIN,26551,781296
2009,IMP,TUNA BLUEFIN,JAPAN,5523,205367
2009,IMP,TUNA BLUEFIN,UNITED KINGDOM,157,3649
2009,IMP,TUNA BLUEFIN,SOUTH AFRICA,6649,19945
2009,IMP,TUNA BLUEFIN,CANADA,526,5805
2009,IMP,TUNA BLUEFIN,SPAIN,1452,32018
2009,IMP,TUNA BLUEFIN,MALTA,642,10413
2011,IMP,TUNA BLUEFIN,GREECE,35867,1154148
2011,IMP,TUNA BLUEFIN,FRANCE,270,11418
2011,IMP,TUNA BLUEFIN,SPAIN,73,2804
2011,IMP,TUNA BLUEFIN,SPAIN,263,9056
2010,IMP,TUNA BLUEFIN,MEXICO,31112,410054
2010,IMP,TUNA BLUEFIN,MALTA,13731,243627
2010,IMP,TUNA BLUEFIN,JAPAN,695,23789
2010,IMP,TUNA BLUEFIN,JAPAN,977,38474
2010,IMP,TUNA BLUEFIN,FRENCH POLYNESIA,209,4158
2006,IMP,TUNA BLUEFIN,SPAIN,7032,107146
2006,IMP,TUNA BLUEFIN,GREECE,1124,29009
2001,IMP,TUNA BLUEFIN,SOUTH AFRICA,2422,7285
2004,IMP,TUNA BLUEFIN,MALTA,103,4429
1989,IMP,TUNA BLUEFIN,SPAIN,156,1229
2002,IMP,TUNA BLUEFIN,SPAIN,30959,548062
2000,IMP,TUNA BLUEFIN,SPAIN,26338,527146
2005,IMP,TUNA BLUEFIN,SPAIN,1239,21679
1991,IMP,TUNA BLUEFIN,CANADA,2030,16285
2006,IMP,TUNA BLUEFIN,JAPAN,1237,82012
2005,IMP,TUNA BLUEFIN,JAPAN,1189,17839
2008,IMP,TUNA BLUEFIN,CYPRUS,11011,199634
2008,IMP,TUNA BLUEFIN,CROATIA,10400,507332
2008,IMP,TUNA BLUEFIN,CYPRUS,61,5495
2008,IMP,TUNA BLUEFIN,INDONESIA,5140,82596
2009,IMP,TUNA BLUEFIN,SOUTH KOREA,2232,76469
2009,IMP,TUNA BLUEFIN,MALTA,2576,72428
2010,IMP,TUNA BLUEFIN,MALTA,10821,548998
2010,IMP,TUNA BLUEFIN,MEXICO,244,3667
2004,IMP,TUNA BLUEFIN,JAPAN,1200,25245
2003,IMP,TUNA BLUEFIN,AUSTRALIA,175856,643990
2008,IMP,TUNA BLUEFIN,CANADA,2409,26560
2009,IMP,TUNA BLUEFIN,AUSTRALIA,565,7632
2014,IMP,TUNA BLUEFIN,CANADA,2470,39198
2016,IMP,TUNA BLUEFIN,AUSTRALIA,10533,215639
2016,IMP,TUNA BLUEFIN,AUSTRALIA,5572,95100
2018,IMP,TUNA BLUEFIN,AUSTRALIA,9093,88597
2019,IMP,TUNA BLUEFIN,AUSTRALIA,16462,244529
2019,IMP,TUNA BLUEFIN,NEW ZEALAND,5005,40910
2019,IMP,TUNA BLUEFIN,AUSTRALIA,567,10845
2019,IMP,TUNA BLUEFIN,AUSTRALIA,2897,41193
2023,IMP,TUNA BLUEFIN,SOUTH AFRICA,149,2565
2023,IMP,TUNA BLUEFIN,SOUTH AFRICA,9550,172541
2025,IMP,TUNA BLUEFIN,NEW ZEALAND,53929,551617
2024,IMP,TUNA BLUEFIN,AUSTRALIA,31683,470528
2025,IMP,TUNA BLUEFIN,AUSTRALIA,1257,19398
2005,IMP,TUNA BLUEFIN,INDONESIA,156990,2400416
2006,IMP,TUNA BLUEFIN,THAILAND,6560,77289
2006,IMP,TUNA BLUEFIN,AUSTRALIA,1015,19295
2008,IMP,TUNA BLUEFIN,AUSTRALIA,15335,667414
2008,IMP,TUNA BLUEFIN,AUSTRALIA,205,11720
2009,IMP,TUNA BLUEFIN,INDIA,5940,116925
2014,IMP,TUNA BLUEFIN,JAPAN,19276,1185862
2012,IMP,TUNA BLUEFIN,JAPAN,11243,805757
2015,IMP,TUNA BLUEFIN,AUSTRALIA,6388,278566
2015,IMP,TUNA BLUEFIN,MALTA,83,6288
2018,IMP,TUNA BLUEFIN,AUSTRALIA,7394,337181
2018,IMP,TUNA BLUEFIN,SOUTH KOREA,558,30674
2019,IMP,TUNA BLUEFIN,JAPAN,16983,629697
2021,IMP,TUNA BLUEFIN,AUSTRALIA,534,29387
2022,IMP,TUNA BLUEFIN,INDONESIA,10361,290426
2022,IMP,TUNA BLUEFIN,JAPAN,12636,537938
2023,IMP,TUNA BLUEFIN,INDONESIA,8982,221210
2024,IMP,TUNA BLUEFIN,INDONESIA,28710,518009
2022,IMP,TUNA BLUEFIN,SOUTH KOREA,2695,134770
2015,IMP,TUNA BLUEFIN,JAPAN,9070,277678
2014,IMP,TUNA BLUEFIN,SPAIN,140517,5293070
2015,IMP,TUNA BLUEFIN,SPAIN,12432,381563
2015,IMP,TUNA BLUEFIN,CROATIA,13322,283109
2013,IMP,TUNA BLUEFIN,SPAIN,245548,10185880
2013,IMP,TUNA BLUEFIN,SPAIN,10039,364462
2013,IMP,TUNA BLUEFIN,SPAIN,26272,1099547
2012,IMP,TUNA BLUEFIN,JAPAN,553,18905
2012,IMP,TUNA BLUEFIN,SOUTH AFRICA,4373,33164
2013,IMP,TUNA BLUEFIN,JAPAN,124,5036
2013,IMP,TUNA BLUEFIN,PORTUGAL,10770,312751
2016,IMP,TUNA BLUEFIN,JAPAN,13917,458930
2016,IMP,TUNA BLUEFIN,SPAIN,12180,308934
2016,IMP,TUNA BLUEFIN,CROATIA,6390,121952
2015,IMP,TUNA BLUEFIN,SOUTH AFRICA,6534,38190
2014,IMP,TUNA BLUEFIN,SPAIN,1175,35600
2014,IMP,TUNA BLUEFIN,CANADA,1192,26325
2016,IMP,TUNA BLUEFIN,FRENCH POLYNESIA,231,4019
2016,IMP,TUNA BLUEFIN,MALTA,4212,84941
2016,IMP,TUNA BLUEFIN,TURKEY,8547,189569
2016,IMP,TUNA BLUEFIN,TOKELAU IS.,2602,65206
2016,IMP,TUNA BLUEFIN,NEW ZEALAND,902,7026
2017,IMP,TUNA BLUEFIN,TURKEY,212722,4026564
2017,IMP,TUNA BLUEFIN,TURKEY,6364,146021
2017,IMP,TUNA BLUEFIN,SPAIN,197,4676
2018,IMP,TUNA BLUEFIN,JAPAN,23071,929934
2018,IMP,TUNA BLUEFIN,JAPAN,583,21049
2018,IMP,TUNA BLUEFIN,MEXICO,1083000,19738193
2018,IMP,TUNA BLUEFIN,CANADA,69197,1003741
2018,IMP,TUNA BLUEFIN,GREECE,147,2062
2018,IMP,TUNA BLUEFIN,GREECE,390,8442
2018,IMP,TUNA BLUEFIN,SOUTH AFRICA,4029,19590
2018,IMP,TUNA BLUEFIN,SOUTH AFRICA,590,5192
2021,IMP,TUNA BLUEFIN,MALTA,391,16709
2021,IMP,TUNA BLUEFIN,JAPAN,3876,284138
2019,IMP,TUNA BLUEFIN,SPAIN,22412,642837
2019,IMP,TUNA BLUEFIN,JAPAN,30345,989629
2020,IMP,TUNA BLUEFIN,SPAIN,3764,104590
2020,IMP,TUNA BLUEFIN,SPAIN,14863,385464
2020,IMP,TUNA BLUEFIN,TURKEY,2332,49431
2020,IMP,TUNA BLUEFIN,JAPAN,4480,229702
2019,IMP,TUNA BLUEFIN,SOUTH AFRICA,302,3991
2021,IMP,TUNA BLUEFIN,CANADA,184371,2396161
2021,IMP,TUNA BLUEFIN,NEW ZEALAND,1625,16999
2023,IMP,TUNA BLUEFIN,SPAIN,2305,64196
2023,IMP,TUNA BLUEFIN,SPAIN,87321,2599692
2023,IMP,TUNA BLUEFIN,JAPAN,22926,1164755
2022,IMP,TUNA BLUEFIN,CANADA,89804,1368875
2023,IMP,TUNA BLUEFIN,SPAIN,8624,204513
2020,IMP,TUNA BLUEFIN,SOUTH AFRICA,260,4449
2023,IMP,TUNA BLUEFIN,CANADA,882,26539
2025,IMP,TUNA BLUEFIN,ITALY,2904,95103
2025,IMP,TUNA BLUEFIN,ALBANIA,4687,58971
2025,IMP,TUNA BLUEFIN,GREECE,4431,13552
2025,IMP,TUNA BLUEFIN,JAPAN,244,7587
2025,IMP,TUNA BLUEFIN,JAPAN,27642,919073
2025,IMP,TUNA BLUEFIN,NEW ZEALAND,4777,66809
2025,IMP,TUNA BLUEFIN,SPAIN,10875,251148
2024,IMP,TUNA BLUEFIN,SPAIN,7530,265081
2024,IMP,TUNA BLUEFIN,CROATIA,707,13433
2023,IMP,TUNA BLUEFIN,CANADA,796,16196
2024,IMP,TUNA BLUEFIN,CANADA,87577,1407292
2024,IMP,TUNA BLUEFIN,NEW ZEALAND,10857,139766
2025,IMP,TUNA BLUEFIN,SPAIN,765,25470
2025,IMP,TUNA BLUEFIN,CROATIA,1438,25136
2025,IMP,TUNA BLUEFIN,JAPAN,564,19353
2024,IMP,TUNA BLUEFIN,NEW ZEALAND,754,10799
2024,IMP,TUNA BLUEFIN,TUNISIA,7033,147853
2022,IMP,TUNA BLUEFIN,FRANCE,956,23940
2026,IMP,TUNA BLUEFIN,SPAIN,17266,440302
2026,IMP,TUNA BLUEFIN,CROATIA,23709,241258
2026,IMP,TUNA BLUEFIN,CROATIA,3226,34465
2026,IMP,TUNA BLUEFIN,ALBANIA,1300,17143
2026,IMP,TUNA BLUEFIN,JAPAN,2065,68157
2026,IMP,TUNA BLUEFIN,MEXICO,674406,12128245
2026,IMP,TUNA BLUEFIN,SPAIN,2034,45242
2025,IMP,TUNA BLUEFIN,MOROCCO,6447,175319
2025,IMP,TUNA BLUEFIN,ITALY,2898,75999
2012,IMP,TUNA BLUEFIN,CYPRUS,12155,40233
2015,IMP,TUNA BLUEFIN,TURKEY,637,37368
2015,IMP,TUNA BLUEFIN,CROATIA,70794,234329
2014,IMP,TUNA BLUEFIN,JAPAN,44738,148084
2021,IMP,TUNA BLUEFIN,JAPAN,1365,185963
2021,IMP,TUNA BLUEFIN,SOUTH KOREA,175,8523
2022,IMP,TUNA BLUEFIN,TURKEY,66,4852
2023,IMP,TUNA BLUEFIN,JAPAN,10,2021
2025,IMP,TUNA BLUEFIN,ALGERIA,204,10053
2013,IMP,TUNA BLUEFIN,MALTA,36,3437
2013,IMP,TUNA BLUEFIN,PORTUGAL,208,9413
2015,IMP,TUNA BLUEFIN,SPAIN,196,5816
2015,IMP,TUNA BLUEFIN,TURKEY,203,15369
2016,IMP,TUNA BLUEFIN,MALTA,4559,121278
2017,IMP,TUNA BLUEFIN,JAPAN,15873,341341
2021,IMP,TUNA BLUEFIN,CROATIA,60,4937
2021,IMP,TUNA BLUEFIN,TURKEY,257,15433
2025,IMP,TUNA BLUEFIN,ALBANIA,347,4524
1996,IMP,TUNA BLUEFIN,CANADA,176851,1803307
2004,IMP,TUNA BLUEFIN,TURKEY,18430,393881
1993,IMP,TUNA BLUEFIN,AUSTRALIA,2054,14874
1995,IMP,TUNA BLUEFIN,SPAIN,342,7182
2004,IMP,TUNA BLUEFIN,SPAIN,49526,1083344
1998,IMP,TUNA BLUEFIN,PORTUGAL,8029,85036
2003,IMP,TUNA BLUEFIN,GREECE,2876,41911
2006,IMP,TUNA BLUEFIN,MOROCCO,6466,50282
1989,IMP,TUNA BLUEFIN,SPAIN,1878,28865
1995,IMP,TUNA BLUEFIN,CANADA,408,9534
2000,IMP,TUNA BLUEFIN,ITALY,2669,14287
2002,IMP,TUNA BLUEFIN,ITALY,6923,64389
2003,IMP,TUNA BLUEFIN,ITALY,1974,66688
2005,IMP,TUNA BLUEFIN,SPAIN,9821,135278
1990,IMP,TUNA BLUEFIN,MEXICO,2400,5328
1999,IMP,TUNA BLUEFIN,SPAIN,3406,80610
2001,IMP,TUNA BLUEFIN,CANADA,50974,1132336
2000,IMP,TUNA BLUEFIN,SPAIN,69056,866523
2005,IMP,TUNA BLUEFIN,SPAIN,110768,2413919
2007,IMP,TUNA BLUEFIN,TURKEY,4830,159073
2006,IMP,TUNA BLUEFIN,AUSTRALIA,3036,48808
1997,IMP,TUNA BLUEFIN,AUSTRALIA,11366,127630
2000,IMP,TUNA BLUEFIN,GREECE,2349,29128
2001,IMP,TUNA BLUEFIN,GREECE,14966,120125
2007,IMP,TUNA BLUEFIN,CANADA,31897,797800
1992,IMP,TUNA BLUEFIN,CANADA,272,2621
1991,IMP,TUNA BLUEFIN,VENEZUELA,18772,54140
2003,IMP,TUNA BLUEFIN,ITALY,23956,349935
2003,IMP,TUNA BLUEFIN,TURKEY,9055,137266
1992,IMP,TUNA BLUEFIN,MEXICO,8176,28567
1993,IMP,TUNA BLUEFIN,BARBADOS,1213,4178
1993,IMP,TUNA BLUEFIN,MEXICO,1598,29476
2004,IMP,TUNA BLUEFIN,CANADA,1787,56942
2007,IMP,TUNA BLUEFIN,JAPAN,8233,228990
2007,IMP,TUNA BLUEFIN,SPAIN,582,17804
2007,IMP,TUNA BLUEFIN,CROATIA,9342,260744
1993,IMP,TUNA BLUEFIN,MEXICO,2793,19545
1990,IMP,TUNA BLUEFIN,JAPAN,10,1551
1995,IMP,TUNA BLUEFIN,TRINIDAD & TOBAGO,14143,106206
1999,IMP,TUNA BLUEFIN,TUNISIA,296,3256
1999,IMP,TUNA BLUEFIN,ITALY,12875,156782
2007,IMP,TUNA BLUEFIN,SRI LANKA,1878,11803
2002,IMP,TUNA BLUEFIN,MARSHALL IS.,1496,2992
1990,IMP,TUNA BLUEFIN,CANADA,133,1776
1992,IMP,TUNA BLUEFIN,AUSTRALIA,1638,5657
1997,IMP,TUNA BLUEFIN,TAIWAN,886,6432
1995,IMP,TUNA BLUEFIN,SPAIN,371,9891
2005,IMP,TUNA BLUEFIN,VENEZUELA,358,7450
1995,IMP,TUNA BLUEFIN,SPAIN,750,18571
2000,IMP,TUNA BLUEFIN,SOUTH AFRICA,6188,40249
1990,IMP,TUNA BLUEFIN,CANADA,215,1431
2003,IMP,TUNA BLUEFIN,CYPRUS,394,5910
2005,IMP,TUNA BLUEFIN,TURKEY,1674,38493
2004,IMP,TUNA BLUEFIN,SOUTH AFRICA,680,4069
2002,IMP,TUNA BLUEFIN,ITALY,3852,57780
2007,IMP,TUNA BLUEFIN,MALTA,1957,77498
2008,IMP,TUNA BLUEFIN,MALTA,1616,34230
2008,IMP,TUNA BLUEFIN,MEXICO,4508,34781
2008,IMP,TUNA BLUEFIN,SOUTH AFRICA,929,2786
2008,IMP,TUNA BLUEFIN,MEXICO,315,3154
2008,IMP,TUNA BLUEFIN,ITALY,7242,155463
2009,IMP,TUNA BLUEFIN,TUNISIA,12465,292464
2009,IMP,TUNA BLUEFIN,TURKEY,45817,1243716
2009,IMP,TUNA BLUEFIN,SPAIN,25329,715280
2009,IMP,TUNA BLUEFIN,CANADA,2863,89766
2009,IMP,TUNA BLUEFIN,SPAIN,6543,138817
2009,IMP,TUNA BLUEFIN,CANADA,201,6630
2011,IMP,TUNA BLUEFIN,JAPAN,3385,100763
2011,IMP,TUNA BLUEFIN,PORTUGAL,2555,50251
2010,IMP,TUNA BLUEFIN,SPAIN,7877,215552
2010,IMP,TUNA BLUEFIN,CROATIA,3640,55359
2010,IMP,TUNA BLUEFIN,JAPAN,5655,203847
2010,IMP,TUNA BLUEFIN,JAPAN,1644,53991
2010,IMP,TUNA BLUEFIN,CANADA,117370,2136414
2010,IMP,TUNA BLUEFIN,SPAIN,520,14113
2010,IMP,TUNA BLUEFIN,CANADA,425,14543
1991,IMP,TUNA BLUEFIN,ECUADOR,1528,4404
2005,IMP,TUNA BLUEFIN,ITALY,3416,72572
2002,IMP,TUNA BLUEFIN,CANADA,1301,29051
2005,IMP,TUNA BLUEFIN,INDONESIA,19700,388464
2007,IMP,TUNA BLUEFIN,MALTA,742,50581
2004,IMP,TUNA BLUEFIN,JAPAN,164,12329
1999,IMP,TUNA BLUEFIN,CANADA,11233,114307
2007,IMP,TUNA BLUEFIN,CROATIA,2714,86831
2004,IMP,TUNA BLUEFIN,SPAIN,1235,16373
2006,IMP,TUNA BLUEFIN,TURKEY,1029,67161
1994,IMP,TUNA BLUEFIN,UNITED KINGDOM,658,36265
1999,IMP,TUNA BLUEFIN,CANADA,536,5158
1992,IMP,TUNA BLUEFIN,TUNISIA,199,3364
2005,IMP,TUNA BLUEFIN,SPAIN,364,8534
1992,IMP,TUNA BLUEFIN,TUNISIA,1087,25665
2005,IMP,TUNA BLUEFIN,SOUTH KOREA,1630,20760
2001,IMP,TUNA BLUEFIN,JAPAN,9801,227873
2008,IMP,TUNA BLUEFIN,MALTA,9064,135961
2009,IMP,TUNA BLUEFIN,CROATIA,1537,56548
2009,IMP,TUNA BLUEFIN,CROATIA,8644,344453
2010,IMP,TUNA BLUEFIN,SPAIN,1016,56832
2011,IMP,TUNA BLUEFIN,MALTA,199,23701
2011,IMP,TUNA BLUEFIN,CROATIA,217,18474
2011,IMP,TUNA BLUEFIN,JAPAN,725,49983
2011,IMP,TUNA BLUEFIN,INDONESIA,4286,48105
2011,IMP,TUNA BLUEFIN,SPAIN,967,64554
2006,IMP,TUNA BLUEFIN,AUSTRALIA,57227,1050680
2006,IMP,TUNA BLUEFIN,AUSTRALIA,129,2516
2009,IMP,TUNA BLUEFIN,AUSTRALIA,25513,376835
2009,IMP,TUNA BLUEFIN,SOUTH AFRICA,1076,3229
2010,IMP,TUNA BLUEFIN,AUSTRALIA,19001,355058
2013,IMP,TUNA BLUEFIN,NEW ZEALAND,2549,15082
2012,IMP,TUNA BLUEFIN,SOUTH AFRICA,349,2446
2016,IMP,TUNA BLUEFIN,TURKEY,1354,33009
2017,IMP,TUNA BLUEFIN,SOUTH AFRICA,1763,11920
2018,IMP,TUNA BLUEFIN,SOUTH AFRICA,9537,49211
2019,IMP,TUNA BLUEFIN,AUSTRALIA,25950,388963
2019,IMP,TUNA BLUEFIN,AUSTRALIA,1083,16245
2019,IMP,TUNA BLUEFIN,SOUTH AFRICA,4800,47293
2019,IMP,TUNA BLUEFIN,SOUTH AFRICA,1307,17278
2021,IMP,TUNA BLUEFIN,AUSTRALIA,1844,12904
2023,IMP,TUNA BLUEFIN,AUSTRALIA,353,5859
2022,IMP,TUNA BLUEFIN,NEW ZEALAND,1953,17003
2025,IMP,TUNA BLUEFIN,AUSTRALIA,74916,715849
2025,IMP,TUNA BLUEFIN,NEW ZEALAND,9943,88484
2025,IMP,TUNA BLUEFIN,SOUTH AFRICA,18638,146519
2025,IMP,TUNA BLUEFIN,SOUTH AFRICA,9066,108082
2024,IMP,TUNA BLUEFIN,SPAIN,230,7579
2024,IMP,TUNA BLUEFIN,AUSTRALIA,98446,1287656
2024,IMP,TUNA BLUEFIN,AUSTRALIA,9365,152846
2024,IMP,TUNA BLUEFIN,NEW ZEALAND,25415,241214
2023,IMP,TUNA BLUEFIN,NEW ZEALAND,2018,19754
2023,IMP,TUNA BLUEFIN,SOUTH AFRICA,169,3721
2006,IMP,TUNA BLUEFIN,INDONESIA,53620,1055834
2002,IMP,TUNA BLUEFIN,JAPAN,18,2670
2009,IMP,TUNA BLUEFIN,INDONESIA,2540,41451
2010,IMP,TUNA BLUEFIN,AUSTRALIA,21105,875251
2010,IMP,TUNA BLUEFIN,JAPAN,59,3200
2012,IMP,TUNA BLUEFIN,MEXICO,576,28809
2013,IMP,TUNA BLUEFIN,AUSTRALIA,3004,124597
2017,IMP,TUNA BLUEFIN,AUSTRALIA,3053,132526
2020,IMP,TUNA BLUEFIN,JAPAN,12132,475288
2021,IMP,TUNA BLUEFIN,SOUTH KOREA,470,25620
2023,IMP,TUNA BLUEFIN,JAPAN,6724,301192
2026,IMP,TUNA BLUEFIN,INDONESIA,1520,26890
2014,IMP,TUNA BLUEFIN,SPAIN,128486,4988222
2014,IMP,TUNA BLUEFIN,SRI LANKA,3088,36246
2014,IMP,TUNA BLUEFIN,PHILIPPINES,3123,17202
2014,IMP,TUNA BLUEFIN,JAPAN,918,33033
2014,IMP,TUNA BLUEFIN,JAPAN,6311,221165
2015,IMP,TUNA BLUEFIN,MEXICO,394443,6064686
2013,IMP,TUNA BLUEFIN,MEXICO,16275,141957
2013,IMP,TUNA BLUEFIN,MEXICO,214760,3875327
2013,IMP,TUNA BLUEFIN,JAPAN,1935,86034
2012,IMP,TUNA BLUEFIN,CANADA,1103,21283
2013,IMP,TUNA BLUEFIN,SOUTH AFRICA,5489,35076
2013,IMP,TUNA BLUEFIN,SPAIN,1187,50244
2013,IMP,TUNA BLUEFIN,CANADA,861,32901
2013,IMP,TUNA BLUEFIN,SPAIN,168,6915
2016,IMP,TUNA BLUEFIN,SPAIN,25061,540949
2016,IMP,TUNA BLUEFIN,SPAIN,11711,266369
2016,IMP,TUNA BLUEFIN,SPAIN,6217,157522
2016,IMP,TUNA BLUEFIN,JAPAN,14985,498286
2016,IMP,TUNA BLUEFIN,JAPAN,2066,112926
2015,IMP,TUNA BLUEFIN,ICELAND,330,9808
2015,IMP,TUNA BLUEFIN,GREECE,2962,52289
2015,IMP,TUNA BLUEFIN,SOUTH AFRICA,2973,29710
2016,IMP,TUNA BLUEFIN,CANADA,61221,925544
2016,IMP,TUNA BLUEFIN,MEXICO,858,12870
2016,IMP,TUNA BLUEFIN,MALTA,757,12862
2016,IMP,TUNA BLUEFIN,CROATIA,101,2677
2017,IMP,TUNA BLUEFIN,SPAIN,13971,385440
2017,IMP,TUNA BLUEFIN,TURKEY,106727,2189644
2017,IMP,TUNA BLUEFIN,TURKEY,31935,597728
2017,IMP,TUNA BLUEFIN,JAPAN,1411,49181
2017,IMP,TUNA BLUEFIN,SRI LANKA,390,4684
2017,IMP,TUNA BLUEFIN,SOUTH AFRICA,1550,15495
2018,IMP,TUNA BLUEFIN,SPAIN,74615,2185126
2018,IMP,TUNA BLUEFIN,SPAIN,396453,11043427
2018,IMP,TUNA BLUEFIN,JAPAN,71,2826
2021,IMP,TUNA BLUEFIN,MEXICO,2549290,51940756
2021,IMP,TUNA BLUEFIN,SPAIN,31111,870015
2021,IMP,TUNA BLUEFIN,JAPAN,2190,114466
2021,IMP,TUNA BLUEFIN,JAPAN,15714,900586
2021,IMP,TUNA BLUEFIN,JAPAN,4032,202454
2021,IMP,TUNA BLUEFIN,JAPAN,3872,249282
2021,IMP,TUNA BLUEFIN,SPAIN,4168,115626
2021,IMP,TUNA BLUEFIN,MEXICO,53627,329747
2021,IMP,TUNA BLUEFIN,TURKEY,207,7306
2019,IMP,TUNA BLUEFIN,MEXICO,1293204,24487667
2019,IMP,TUNA BLUEFIN,JAPAN,14564,674657
2019,IMP,TUNA BLUEFIN,JAPAN,1085,57138
2020,IMP,TUNA BLUEFIN,SPAIN,613,13772
2020,IMP,TUNA BLUEFIN,SPAIN,16243,468449
2020,IMP,TUNA BLUEFIN,JAPAN,14668,485611
2020,IMP,TUNA BLUEFIN,JAPAN,328,15633
2020,IMP,TUNA BLUEFIN,TUNISIA,14745,343715
2019,IMP,TUNA BLUEFIN,SPAIN,21046,570436
2019,IMP,TUNA BLUEFIN,FRANCE,771,21198
2019,IMP,TUNA BLUEFIN,MEXICO,2367,35502
2019,IMP,TUNA BLUEFIN,TURKEY,6196,113432
2020,IMP,TUNA BLUEFIN,SPAIN,8258,221766
2020,IMP,TUNA BLUEFIN,CROATIA,582,14436
2020,IMP,TUNA BLUEFIN,SOUTH AFRICA,3549,47048
2022,IMP,TUNA BLUEFIN,JAPAN,377,10629
2022,IMP,TUNA BLUEFIN,JAPAN,5882,143874
2022,IMP,TUNA BLUEFIN,JAPAN,3333,200026
2023,IMP,TUNA BLUEFIN,JAPAN,10234,426650
2023,IMP,TUNA BLUEFIN,JAPAN,1844,54743
2022,IMP,TUNA BLUEFIN,SPAIN,3189,97228
2022,IMP,TUNA BLUEFIN,SPAIN,1274,36072
2022,IMP,TUNA BLUEFIN,SPAIN,28817,811461
2023,IMP,TUNA BLUEFIN,MEXICO,3014497,70660470
2022,IMP,TUNA BLUEFIN,MEXICO,51957,371389
2022,IMP,TUNA BLUEFIN,MALTA,1056,23854
2025,IMP,TUNA BLUEFIN,SPAIN,397056,11358271
2025,IMP,TUNA BLUEFIN,SPAIN,2650,71586
2025,IMP,TUNA BLUEFIN,CROATIA,8994,157439
2025,IMP,TUNA BLUEFIN,ALBANIA,3386,46199
2024,IMP,TUNA BLUEFIN,MEXICO,13024,147670
2024,IMP,TUNA BLUEFIN,SPAIN,1320,46011
2024,IMP,TUNA BLUEFIN,SPAIN,66435,2065189
2024,IMP,TUNA BLUEFIN,CROATIA,1623,32047
2024,IMP,TUNA BLUEFIN,JAPAN,3629,179931
2024,IMP,TUNA BLUEFIN,TUNISIA,2998,70766
2023,IMP,TUNA BLUEFIN,PORTUGAL,779,16060
2024,IMP,TUNA BLUEFIN,AUSTRALIA,114,2396
2024,IMP,TUNA BLUEFIN,AUSTRALIA,700,6993
2024,IMP,TUNA BLUEFIN,TUNISIA,405,8771
2024,IMP,TUNA BLUEFIN,NORWAY,2688,35560
2022,IMP,TUNA BLUEFIN,FRANCE,1242,31076
2025,IMP,TUNA BLUEFIN,ALBANIA,577,6415
2026,IMP,TUNA BLUEFIN,SPAIN,6463,171025
2026,IMP,TUNA BLUEFIN,ALBANIA,4181,54212
2026,IMP,TUNA BLUEFIN,JAPAN,2185,107229
2026,IMP,TUNA BLUEFIN,SPAIN,13451,361953
2014,IMP,TUNA BLUEFIN,TURKEY,73760,309538
2014,IMP,TUNA BLUEFIN,JAPAN,52121,185639
2013,IMP,TUNA BLUEFIN,JAPAN,194350,652397
2013,IMP,TUNA BLUEFIN,SOUTH KOREA,3160,46199
2012,IMP,TUNA BLUEFIN,CHINA,36668,121260
2012,IMP,TUNA BLUEFIN,AUSTRALIA,8369,25106
2013,IMP,TUNA BLUEFIN,MALTA,26611,88082
2016,IMP,TUNA BLUEFIN,TURKEY,61,2805
2015,IMP,TUNA BLUEFIN,AUSTRALIA,5286,181029
2016,IMP,TUNA BLUEFIN,SOUTH KOREA,158,6682
2014,IMP,TUNA BLUEFIN,MALTA,43186,142946
2021,IMP,TUNA BLUEFIN,MALTA,2191,94183
2020,IMP,TUNA BLUEFIN,MALTA,610,24340
2023,IMP,TUNA BLUEFIN,JAPAN,526,31966
2023,IMP,TUNA BLUEFIN,JAPAN,6466,38743
2022,IMP,TUNA BLUEFIN,JAPAN,51,3522
2022,IMP,TUNA BLUEFIN,TURKEY,59,4321
2025,IMP,TUNA BLUEFIN,TURKEY,10310,478059
2025,IMP,TUNA BLUEFIN,JAPAN,1736,85043
2024,IMP,TUNA BLUEFIN,CROATIA,2720,106135
2013,IMP,TUNA BLUEFIN,INDONESIA,1340,10934
2013,IMP,TUNA BLUEFIN,TURKEY,94,7532
2014,IMP,TUNA BLUEFIN,MEXICO,5000,10000
2020,IMP,TUNA BLUEFIN,TURKEY,285,16714
2020,IMP,TUNA BLUEFIN,SOUTH KOREA,834,46980
2021,IMP,TUNA BLUEFIN,SOUTH AFRICA,162,3385
2023,IMP,TUNA BLUEFIN,JAPAN,27750,1558797
2024,IMP,TUNA BLUEFIN,SOUTH KOREA,6339,316421
2026,IMP,TUNA BLUEFIN,SOUTH KOREA,1309,67974
1997,IMP,TUNA BLUEFIN,CANADA,288,7406
2005,IMP,TUNA BLUEFIN,MALTA,2918,59148
2006,IMP,TUNA BLUEFIN,MEXICO,338807,2821299
2007,IMP,TUNA BLUEFIN,JAPAN,3669,210684
1997,IMP,TUNA BLUEFIN,ITALY,100,2500
2000,IMP,TUNA BLUEFIN,CANADA,74952,1399537
2000,IMP,TUNA BLUEFIN,SPAIN,9522,194471
2004,IMP,TUNA BLUEFIN,JAPAN,21028,250888
2005,IMP,TUNA BLUEFIN,CANADA,158362,2127737
1995,IMP,TUNA BLUEFIN,CANADA,67939,1213047
1995,IMP,TUNA BLUEFIN,JAPAN,523,1929
1998,IMP,TUNA BLUEFIN,AUSTRALIA,1380,7907
2000,IMP,TUNA BLUEFIN,AUSTRALIA,1341,32499
1990,IMP,TUNA BLUEFIN,ITALY,1132,18156
1991,IMP,TUNA BLUEFIN,MEXICO,8316,45921
1997,IMP,TUNA BLUEFIN,BERMUDA,408,3600
1996,IMP,TUNA BLUEFIN,ITALY,1065,11845
1997,IMP,TUNA BLUEFIN,CANADA,12953,316044
1998,IMP,TUNA BLUEFIN,ITALY,18457,197288
2001,IMP,TUNA BLUEFIN,TURKEY,4639,13917
2002,IMP,TUNA BLUEFIN,CANADA,2881,48935
1995,IMP,TUNA BLUEFIN,CANADA,163,1800
1995,IMP,TUNA BLUEFIN,FRANCE,9592,91121
1996,IMP,TUNA BLUEFIN,AUSTRALIA,357,5358
2002,IMP,TUNA BLUEFIN,MEXICO,6241,38555
1992,IMP,TUNA BLUEFIN,MEXICO,13450,60437
1995,IMP,TUNA BLUEFIN,FRANCE,594,2600
1996,IMP,TUNA BLUEFIN,SPAIN,1241,13592
2005,IMP,TUNA BLUEFIN,SOUTH KOREA,611,10390
2001,IMP,TUNA BLUEFIN,CANADA,1814,42962
2001,IMP,TUNA BLUEFIN,JAPAN,75,3665
2007,IMP,TUNA BLUEFIN,DOMINICAN REPUBLIC,1467,9974
1990,IMP,TUNA BLUEFIN,ECUADOR,564,2292
1993,IMP,TUNA BLUEFIN,TUNISIA,1805,20675
2006,IMP,TUNA BLUEFIN,CANADA,434,9384
2003,IMP,TUNA BLUEFIN,CANADA,33744,607134
1995,IMP,TUNA BLUEFIN,ITALY,827,12201
2006,IMP,TUNA BLUEFIN,CYPRUS,4070,59011
2006,IMP,TUNA BLUEFIN,TUNISIA,5209,138703
1998,IMP,TUNA BLUEFIN,CROATIA,1127,6579
1996,IMP,TUNA BLUEFIN,CANADA,70,1525
2004,IMP,TUNA BLUEFIN,MEXICO,2799,10306
2000,IMP,TUNA BLUEFIN,VENEZUELA,1644,10875
2000,IMP,TUNA BLUEFIN,WESTERN SAMOA,165,4537
2002,IMP,TUNA BLUEFIN,SINGAPORE,994,11880
2006,IMP,TUNA BLUEFIN,MALTA,2268,66686
1995,IMP,TUNA BLUEFIN,FRANCE,468,5559
2001,IMP,TUNA BLUEFIN,GREECE,175,2275
2004,IMP,TUNA BLUEFIN,MALTA,1044,14560
1992,IMP,TUNA BLUEFIN,MEXICO,5664,25362
2002,IMP,TUNA BLUEFIN,CYPRUS,9470,115616
1997,IMP,TUNA BLUEFIN,CROATIA,264,3963
1998,IMP,TUNA BLUEFIN,CANADA,127,2800
1992,IMP,TUNA BLUEFIN,TAIWAN,1161,5404
1998,IMP,TUNA BLUEFIN,GREECE,405,5448
2006,IMP,TUNA BLUEFIN,TRINIDAD & TOBAGO,147,3230
2008,IMP,TUNA BLUEFIN,MOROCCO,7708,132722
2008,IMP,TUNA BLUEFIN,SPAIN,408,14857
2009,IMP,TUNA BLUEFIN,GREECE,28234,709954
2009,IMP,TUNA BLUEFIN,GREECE,11713,270088
2009,IMP,TUNA BLUEFIN,MEXICO,4491,29713
2009,IMP,TUNA BLUEFIN,MALTA,1201,29370
2009,IMP,TUNA BLUEFIN,SPAIN,4044,96400
2011,IMP,TUNA BLUEFIN,PORTUGAL,7339,259594
2011,IMP,TUNA BLUEFIN,JAPAN,4737,182908
2011,IMP,TUNA BLUEFIN,JAPAN,1481,58605
2011,IMP,TUNA BLUEFIN,VIETNAM,625,9228
2011,IMP,TUNA BLUEFIN,PORTUGAL,10307,354496
2009,IMP,TUNA BLUEFIN,MALTA,1634,39317
2010,IMP,TUNA BLUEFIN,MALTA,18394,493120
2010,IMP,TUNA BLUEFIN,GREECE,29040,674886
2010,IMP,TUNA BLUEFIN,INDONESIA,551,6813
2010,IMP,TUNA BLUEFIN,GAMBIA,1954,21194
2010,IMP,TUNA BLUEFIN,SPAIN,381,10960
2004,IMP,TUNA BLUEFIN,JAPAN,11135,272326
1989,IMP,TUNA BLUEFIN,SOUTH KOREA,146818,64380
2007,IMP,TUNA BLUEFIN,JAPAN,6307,147152
2004,IMP,TUNA BLUEFIN,JAPAN,124763,990122
2002,IMP,TUNA BLUEFIN,CANADA,848,15250
2006,IMP,TUNA BLUEFIN,MALTA,300,18807
2007,IMP,TUNA BLUEFIN,INDONESIA,38510,495820
2007,IMP,TUNA BLUEFIN,SOUTH KOREA,2215,37626
2006,IMP,TUNA BLUEFIN,CYPRUS,3150,200933
2001,IMP,TUNA BLUEFIN,JAPAN,1685,18000
2006,IMP,TUNA BLUEFIN,CROATIA,27961,784758
2007,IMP,TUNA BLUEFIN,CROATIA,5602,276684
2000,IMP,TUNA BLUEFIN,ITALY,3030,30551
2008,IMP,TUNA BLUEFIN,TURKEY,1428,46724
2008,IMP,TUNA BLUEFIN,MALTA,9526,168130
2008,IMP,TUNA BLUEFIN,MALTA,2154,32315
2008,IMP,TUNA BLUEFIN,MOROCCO,54,3326
2010,IMP,TUNA BLUEFIN,JAPAN,165,12142
2011,IMP,TUNA BLUEFIN,MALTA,34692,671680
2005,IMP,TUNA BLUEFIN,NEW ZEALAND,1894,14120
2004,IMP,TUNA BLUEFIN,AUSTRALIA,174586,989496
2006,IMP,TUNA BLUEFIN,MALTA,298,4053
2006,IMP,TUNA BLUEFIN,NEW ZEALAND,3057,27341
2003,IMP,TUNA BLUEFIN,AUSTRALIA,7532,140441
2009,IMP,TUNA BLUEFIN,AUSTRALIA,8696,180524
2015,IMP,TUNA BLUEFIN,CANADA,1091,17806
2015,IMP,TUNA BLUEFIN,SPAIN,28915,693192
2010,IMP,TUNA BLUEFIN,AUSTRALIA,6349,124826
2012,IMP,TUNA BLUEFIN,AUSTRALIA,583,14956
2014,IMP,TUNA BLUEFIN,AUSTRALIA,286,4417
2015,IMP,TUNA BLUEFIN,CROATIA,157,2609
2016,IMP,TUNA BLUEFIN,PERU,3118,70533
2016,IMP,TUNA BLUEFIN,AUSTRALIA,6021,93963
2016,IMP,TUNA BLUEFIN,NEW ZEALAND,5709,62915
2017,IMP,TUNA BLUEFIN,AUSTRALIA,2861,42915
2018,IMP,TUNA BLUEFIN,AUSTRALIA,309,3916
2021,IMP,TUNA BLUEFIN,NEW ZEALAND,48139,414089
2020,IMP,TUNA BLUEFIN,NEW ZEALAND,41304,350456
2023,IMP,TUNA BLUEFIN,NEW ZEALAND,15884,159108
2020,IMP,TUNA BLUEFIN,SOUTH AFRICA,167,2946
2022,IMP,TUNA BLUEFIN,SOUTH AFRICA,1515,31834
2022,IMP,TUNA BLUEFIN,SOUTH AFRICA,761,14073
2025,IMP,TUNA BLUEFIN,GREECE,2186,25598
2025,IMP,TUNA BLUEFIN,NEW ZEALAND,23681,221067
2024,IMP,TUNA BLUEFIN,JAPAN,96,2738
2005,IMP,TUNA BLUEFIN,AUSTRALIA,959,16296
2008,IMP,TUNA BLUEFIN,JAPAN,917,51114
2008,IMP,TUNA BLUEFIN,AUSTRALIA,39,2383
2009,IMP,TUNA BLUEFIN,INDONESIA,45055,689631
2014,IMP,TUNA BLUEFIN,JAPAN,1372,59301
2013,IMP,TUNA BLUEFIN,JAPAN,1963,98553
2016,IMP,TUNA BLUEFIN,JAPAN,89,4517
2017,IMP,TUNA BLUEFIN,JAPAN,2817,106972
2018,IMP,TUNA BLUEFIN,JAPAN,73,2374
2021,IMP,TUNA BLUEFIN,JAPAN,16543,675010
2019,IMP,TUNA BLUEFIN,CROATIA,3353,197410
2020,IMP,TUNA BLUEFIN,AUSTRALIA,2930,134762
2020,IMP,TUNA BLUEFIN,INDONESIA,14961,383490
2024,IMP,TUNA BLUEFIN,JAPAN,7397,252976
2014,IMP,TUNA BLUEFIN,JAPAN,1778,67986
2014,IMP,TUNA BLUEFIN,JAPAN,6254,230413
2015,IMP,TUNA BLUEFIN,SPAIN,15115,384979
2012,IMP,TUNA BLUEFIN,MEXICO,70560,842863
2012,IMP,TUNA BLUEFIN,SPAIN,20942,863010
2012,IMP,TUNA BLUEFIN,MALTA,681,22478
2013,IMP,TUNA BLUEFIN,CANADA,91683,1610836
2015,IMP,TUNA BLUEFIN,JAPAN,81,2414
2016,IMP,TUNA BLUEFIN,TURKEY,39383,843300
2015,IMP,TUNA BLUEFIN,NORWAY,315,9800
2015,IMP,TUNA BLUEFIN,SOUTH KOREA,1671,38256
2016,IMP,TUNA BLUEFIN,GREECE,789,13988
2015,IMP,TUNA BLUEFIN,SPAIN,116,2649
2015,IMP,TUNA BLUEFIN,GREECE,1250,14292
2016,IMP,TUNA BLUEFIN,SOUTH AFRICA,1661,4979
2016,IMP,TUNA BLUEFIN,ICELAND,620,10760
2014,IMP,TUNA BLUEFIN,CANADA,205,8362
2016,IMP,TUNA BLUEFIN,GREECE,160,2842
2017,IMP,TUNA BLUEFIN,SPAIN,437848,11509576
2017,IMP,TUNA BLUEFIN,SPAIN,10750,290271
2017,IMP,TUNA BLUEFIN,SPAIN,31001,778138
2018,IMP,TUNA BLUEFIN,TURKEY,179284,3358977
2018,IMP,TUNA BLUEFIN,JAPAN,346,20654
2018,IMP,TUNA BLUEFIN,FRANCE,1668,46147
2021,IMP,TUNA BLUEFIN,SPAIN,1915,56150
2021,IMP,TUNA BLUEFIN,JAPAN,38,7249
2019,IMP,TUNA BLUEFIN,JAPAN,13276,656065
2019,IMP,TUNA BLUEFIN,JAPAN,13116,614138
2019,IMP,TUNA BLUEFIN,JAPAN,237,9302
2020,IMP,TUNA BLUEFIN,SPAIN,999,24932
2020,IMP,TUNA BLUEFIN,TUNISIA,22917,582734
2019,IMP,TUNA BLUEFIN,SPAIN,1192,34299
2020,IMP,TUNA BLUEFIN,CROATIA,459,11475
2022,IMP,TUNA BLUEFIN,SPAIN,77154,2303080
2022,IMP,TUNA BLUEFIN,JAPAN,529,38963
2022,IMP,TUNA BLUEFIN,JAPAN,3358,154450
2023,IMP,TUNA BLUEFIN,SPAIN,751632,21921306
2023,IMP,TUNA BLUEFIN,SPAIN,17640,575233
2023,IMP,TUNA BLUEFIN,SPAIN,25198,804146
2023,IMP,TUNA BLUEFIN,MALTA,3533,59114
2023,IMP,TUNA BLUEFIN,JAPAN,6778,365135
2022,IMP,TUNA BLUEFIN,SPAIN,6933,210990
2023,IMP,TUNA BLUEFIN,MEXICO,27422,229284
2022,IMP,TUNA BLUEFIN,JAPAN,67,2871
2022,IMP,TUNA BLUEFIN,SOUTH AFRICA,260,4187
2025,IMP,TUNA BLUEFIN,SPAIN,4361,134219
2025,IMP,TUNA BLUEFIN,ALBANIA,136008,2275661
2025,IMP,TUNA BLUEFIN,JAPAN,1604,102204
2024,IMP,TUNA BLUEFIN,SPAIN,31446,992619
2024,IMP,TUNA BLUEFIN,SPAIN,105972,3165408
2023,IMP,TUNA BLUEFIN,NORWAY,445,9047
2024,IMP,TUNA BLUEFIN,JAPAN,96,3419
2024,IMP,TUNA BLUEFIN,TUNISIA,16083,326308
2022,IMP,TUNA BLUEFIN,TURKEY,3483,74229
2026,IMP,TUNA BLUEFIN,SPAIN,16078,397929
2026,IMP,TUNA BLUEFIN,ALBANIA,4653,62389
2026,IMP,TUNA BLUEFIN,TURKEY,1359,31119
2026,IMP,TUNA BLUEFIN,FRANCE,651,18345
2015,IMP,TUNA BLUEFIN,MALTA,987,67875
2013,IMP,TUNA BLUEFIN,CROATIA,112939,373829
2015,IMP,TUNA BLUEFIN,MALTA,73756,244133
2015,IMP,TUNA BLUEFIN,JAPAN,14369,62841
2018,IMP,TUNA BLUEFIN,JAPAN,4040,34571
2020,IMP,TUNA BLUEFIN,JAPAN,377,59877
2019,IMP,TUNA BLUEFIN,JAPAN,64,8462
2020,IMP,TUNA BLUEFIN,CROATIA,76008,251588
2022,IMP,TUNA BLUEFIN,JAPAN,84,8400
2025,IMP,TUNA BLUEFIN,JAPAN,7536,27616
2023,IMP,TUNA BLUEFIN,JAPAN,33,3171
2013,IMP,TUNA BLUEFIN,MEXICO,833,14063
2013,IMP,TUNA BLUEFIN,PORTUGAL,412,14104
2015,IMP,TUNA BLUEFIN,INDONESIA,7484,130800
2014,IMP,TUNA BLUEFIN,JAPAN,902,67959
2018,IMP,TUNA BLUEFIN,SOUTH KOREA,561,35113
2020,IMP,TUNA BLUEFIN,JAPAN,25000,1459468
2019,IMP,TUNA BLUEFIN,CROATIA,2676,154764
2022,IMP,TUNA BLUEFIN,SPAIN,170,8803
2022,IMP,TUNA BLUEFIN,SPAIN,237,12514
2023,IMP,TUNA BLUEFIN,SOUTH KOREA,6297,248302
2025,IMP,TUNA BLUEFIN,CROATIA,5283,230955
2025,IMP,TUNA BLUEFIN,SOUTH KOREA,2778,141839
2024,IMP,TUNA BLUEFIN,SPAIN,422,23256
2022,IMP,TUNA BLUEFIN,SPAIN,62,3407
2024,IMP,TUNA BLUEFIN,JAPAN,232,8999
2022,IMP,TUNA BLUEFIN,SOUTH KOREA,973,58391
1999,IMP,TUNA BLUEFIN,SPAIN,34264,463258
2005,IMP,TUNA BLUEFIN,MEXICO,181373,2777114
2004,IMP,TUNA BLUEFIN,MEXICO,963608,11902920
2004,IMP,TUNA BLUEFIN,CYPRUS,4969,97913
2005,IMP,TUNA BLUEFIN,INDONESIA,750,12580
1989,IMP,TUNA BLUEFIN,DENMARK,360,2376
1995,IMP,TUNA BLUEFIN,GREECE,656,12683
2003,IMP,TUNA BLUEFIN,SPAIN,9743,148641
2005,IMP,TUNA BLUEFIN,MEXICO,868146,9825750
2005,IMP,TUNA BLUEFIN,JAPAN,7779,455453
2007,IMP,TUNA BLUEFIN,SPAIN,94814,1269318
2007,IMP,TUNA BLUEFIN,ITALY,14913,270043
1995,IMP,TUNA BLUEFIN,ECUADOR,2223,2223
2003,IMP,TUNA BLUEFIN,ITALY,581,12782
2003,IMP,TUNA BLUEFIN,CANADA,1598,27642
2007,IMP,TUNA BLUEFIN,SPAIN,15514,421358
2004,IMP,TUNA BLUEFIN,ITALY,2440,27000
2005,IMP,TUNA BLUEFIN,SPAIN,38605,776592
2007,IMP,TUNA BLUEFIN,SPAIN,57954,698563
1996,IMP,TUNA BLUEFIN,MEXICO,5558,43403
1997,IMP,TUNA BLUEFIN,NEW ZEALAND,145,4671
1994,IMP,TUNA BLUEFIN,TUNISIA,2429,11310
2002,IMP,TUNA BLUEFIN,GREECE,889,10709
2003,IMP,TUNA BLUEFIN,TURKEY,10167,200983
2006,IMP,TUNA BLUEFIN,CANADA,776,23310
1994,IMP,TUNA BLUEFIN,ECUADOR,1670,4969
1999,IMP,TUNA BLUEFIN,MEXICO,3104,17229
2004,IMP,TUNA BLUEFIN,ITALY,23526,306007
2005,IMP,TUNA BLUEFIN,TURKEY,1360,23210
2006,IMP,TUNA BLUEFIN,TUNISIA,18459,445644
1999,IMP,TUNA BLUEFIN,SPAIN,4228,108584
1997,IMP,TUNA BLUEFIN,MARSHALL IS.,1063,5434
2001,IMP,TUNA BLUEFIN,CROATIA,2009,42451
1999,IMP,TUNA BLUEFIN,ITALY,2967,53417
2000,IMP,TUNA BLUEFIN,MEXICO,19246,106708
1998,IMP,TUNA BLUEFIN,CANADA,981,23956
2002,IMP,TUNA BLUEFIN,TURKEY,3238,29052
2005,IMP,TUNA BLUEFIN,ITALY,3464,69942
2006,IMP,TUNA BLUEFIN,CYPRUS,892,20561
1992,IMP,TUNA BLUEFIN,FRANCE,1567,23011
1999,IMP,TUNA BLUEFIN,ITALY,3642,44487
2000,IMP,TUNA BLUEFIN,GREECE,412,5356
1999,IMP,TUNA BLUEFIN,FRANCE,1229,13035
1999,IMP,TUNA BLUEFIN,TUNISIA,439,4163
2005,IMP,TUNA BLUEFIN,TUNISIA,17165,286213
1989,IMP,TUNA BLUEFIN,CANADA,251288,1575447
2004,IMP,TUNA BLUEFIN,SPAIN,1699,25485
2005,IMP,TUNA BLUEFIN,SPAIN,361,6011
1996,IMP,TUNA BLUEFIN,INDONESIA,2909,14872
1995,IMP,TUNA BLUEFIN,TONGA,306,1348
1996,IMP,TUNA BLUEFIN,CANADA,193,8000
1997,IMP,TUNA BLUEFIN,AUSTRALIA,1192,25834
2001,IMP,TUNA BLUEFIN,CANADA,30,4230
2007,IMP,TUNA BLUEFIN,MALTA,6835,139596
2008,IMP,TUNA BLUEFIN,SPAIN,14454,480943
2008,IMP,TUNA BLUEFIN,JAPAN,2429,93295
2008,IMP,TUNA BLUEFIN,AUSTRALIA,5289,94131
2008,IMP,TUNA BLUEFIN,ITALY,1156,19964
2009,IMP,TUNA BLUEFIN,ITALY,10330,227704
2009,IMP,TUNA BLUEFIN,MALTA,19992,491897
2009,IMP,TUNA BLUEFIN,MEXICO,27086,318525
2009,IMP,TUNA BLUEFIN,MEXICO,399,4395
2009,IMP,TUNA BLUEFIN,SOUTH AFRICA,826,2476
2011,IMP,TUNA BLUEFIN,MEXICO,71320,1029691
2011,IMP,TUNA BLUEFIN,SPAIN,187572,6405521
2011,IMP,TUNA BLUEFIN,SRI LANKA,1208,16308
2011,IMP,TUNA BLUEFIN,SOUTH AFRICA,338,12302
2011,IMP,TUNA BLUEFIN,SOUTH AFRICA,193,3198
2011,IMP,TUNA BLUEFIN,FRENCH POLYNESIA,496,6567
2011,IMP,TUNA BLUEFIN,MALTA,3950,101841
2011,IMP,TUNA BLUEFIN,PORTUGAL,393,14363
2010,IMP,TUNA BLUEFIN,TURKEY,1168,31710
2010,IMP,TUNA BLUEFIN,PORTUGAL,3104,40289
2006,IMP,TUNA BLUEFIN,JAPAN,14956,694005
1994,IMP,TUNA BLUEFIN,GREECE,3024,20932
1996,IMP,TUNA BLUEFIN,INDONESIA,249,1949
1997,IMP,TUNA BLUEFIN,CANADA,2825,38107
2001,IMP,TUNA BLUEFIN,AUSTRALIA,326,7985
2007,IMP,TUNA BLUEFIN,MALTA,4713,253417
2005,IMP,TUNA BLUEFIN,CROATIA,14929,315023
2003,IMP,TUNA BLUEFIN,TURKEY,1432,10023
2000,IMP,TUNA BLUEFIN,CANADA,483,7046
2003,IMP,TUNA BLUEFIN,SPAIN,32291,227847
2006,IMP,TUNA BLUEFIN,JAPAN,1690,25355
2004,IMP,TUNA BLUEFIN,JAPAN,249,15280
2006,IMP,TUNA BLUEFIN,CROATIA,1072,56899
1990,IMP,TUNA BLUEFIN,TUNISIA,113,1543
2004,IMP,TUNA BLUEFIN,GREECE,586,6965
2005,IMP,TUNA BLUEFIN,ITALY,1275,100714
2004,IMP,TUNA BLUEFIN,ITALY,593,4842
2003,IMP,TUNA BLUEFIN,JAPAN,86,9524
2008,IMP,TUNA BLUEFIN,AUSTRALIA,3048,169570
2008,IMP,TUNA BLUEFIN,MALTA,24824,893197
2009,IMP,TUNA BLUEFIN,MEXICO,5764,11527
2009,IMP,TUNA BLUEFIN,TURKEY,1641,112622
2009,IMP,TUNA BLUEFIN,JAPAN,54,2407
2010,IMP,TUNA BLUEFIN,CYPRUS,2141,116365
2010,IMP,TUNA BLUEFIN,INDONESIA,5460,32835
2010,IMP,TUNA BLUEFIN,JAPAN,382,13698
2010,IMP,TUNA BLUEFIN,TURKEY,1010,44670
2010,IMP,TUNA BLUEFIN,INDONESIA,907,28778
2010,IMP,TUNA BLUEFIN,TAIWAN,530,16850
2010,IMP,TUNA BLUEFIN,JAPAN,1040,36494
2010,IMP,TUNA BLUEFIN,MALTA,81,9535
2011,IMP,TUNA BLUEFIN,SOUTH KOREA,966,33414
2011,IMP,TUNA BLUEFIN,SPAIN,31,3863
2011,IMP,TUNA BLUEFIN,AUSTRALIA,2301,54428
2014,IMP,TUNA BLUEFIN,AUSTRALIA,663,10150
2016,IMP,TUNA BLUEFIN,SPAIN,217,4317
2018,IMP,TUNA BLUEFIN,TURKEY,1137,15998
2021,IMP,TUNA BLUEFIN,NEW ZEALAND,12276,75982
2023,IMP,TUNA BLUEFIN,JAPAN,98,6230
2023,IMP,TUNA BLUEFIN,AUSTRALIA,41001,614924
2023,IMP,TUNA BLUEFIN,SOUTH AFRICA,2414,53225
2022,IMP,TUNA BLUEFIN,NEW ZEALAND,6177,75443
2022,IMP,TUNA BLUEFIN,SOUTH AFRICA,208,4348
2024,IMP,TUNA BLUEFIN,AUSTRALIA,135035,1650698
2024,IMP,TUNA BLUEFIN,SOUTH AFRICA,569,8615
2026,IMP,TUNA BLUEFIN,SPAIN,153,3366
2007,IMP,TUNA BLUEFIN,INDONESIA,109550,1802423
2008,IMP,TUNA BLUEFIN,CROATIA,2012,114653
2009,IMP,TUNA BLUEFIN,JAPAN,143,7052
2015,IMP,TUNA BLUEFIN,SOUTH KOREA,7431,355062
2011,IMP,TUNA BLUEFIN,JAPAN,18751,1217581
2012,IMP,TUNA BLUEFIN,AUSTRALIA,4595,275843
2012,IMP,TUNA BLUEFIN,AUSTRALIA,422,31758
2025,IMP,TUNA BLUEFIN,INDONESIA,5800,105264
2015,IMP,TUNA BLUEFIN,JAPAN,6440,209192
2015,IMP,TUNA BLUEFIN,CANADA,82013,1365014
2015,IMP,TUNA BLUEFIN,SPAIN,195893,5736503
2015,IMP,TUNA BLUEFIN,SPAIN,6025,147892
2015,IMP,TUNA BLUEFIN,JAPAN,5176,179677
2014,IMP,TUNA BLUEFIN,MEXICO,41939,427173
2012,IMP,TUNA BLUEFIN,SOUTH AFRICA,1467,10266
2013,IMP,TUNA BLUEFIN,PORTUGAL,1367,41777
2016,IMP,TUNA BLUEFIN,MEXICO,43971,420331
2016,IMP,TUNA BLUEFIN,JAPAN,557,18594
2014,IMP,TUNA BLUEFIN,JAPAN,162,5113
2015,IMP,TUNA BLUEFIN,FRANCE,6037,41428
2015,IMP,TUNA BLUEFIN,TURKEY,1296,30568
2014,IMP,TUNA BLUEFIN,GREECE,412,10021
2016,IMP,TUNA BLUEFIN,CROATIA,96,2544
2017,IMP,TUNA BLUEFIN,MEXICO,1109,7705
2017,IMP,TUNA BLUEFIN,SPAIN,4283,103481
2017,IMP,TUNA BLUEFIN,SPAIN,14233,332994
2017,IMP,TUNA BLUEFIN,TURKEY,25773,492914
2017,IMP,TUNA BLUEFIN,JAPAN,90,2017
2017,IMP,TUNA BLUEFIN,JAPAN,72,4448
2017,IMP,TUNA BLUEFIN,JAPAN,177,7482
2017,IMP,TUNA BLUEFIN,JAPAN,141,4330
2018,IMP,TUNA BLUEFIN,SPAIN,4772,133165
2018,IMP,TUNA BLUEFIN,SPAIN,13161,374699
2018,IMP,TUNA BLUEFIN,TURKEY,7603,144453
2018,IMP,TUNA BLUEFIN,TURKEY,17785,348832
2018,IMP,TUNA BLUEFIN,JAPAN,22266,707591
2018,IMP,TUNA BLUEFIN,JAPAN,14977,626209
2018,IMP,TUNA BLUEFIN,MEXICO,64971,524259
2018,IMP,TUNA BLUEFIN,SPAIN,721,28200
2018,IMP,TUNA BLUEFIN,SPAIN,1288,14068
2021,IMP,TUNA BLUEFIN,SPAIN,249360,7156774
2021,IMP,TUNA BLUEFIN,JAPAN,14501,706773
2021,IMP,TUNA BLUEFIN,JAPAN,2844,80738
2019,IMP,TUNA BLUEFIN,SPAIN,35318,997629
2019,IMP,TUNA BLUEFIN,TURKEY,127961,2466859
2019,IMP,TUNA BLUEFIN,JAPAN,4387,211468
2019,IMP,TUNA BLUEFIN,JAPAN,2598,126743
2020,IMP,TUNA BLUEFIN,CANADA,49515,660110
2020,IMP,TUNA BLUEFIN,SOUTH KOREA,38,2489
2019,IMP,TUNA BLUEFIN,JAPAN,72,2298
2019,IMP,TUNA BLUEFIN,SPAIN,2090,45974
2019,IMP,TUNA BLUEFIN,NEW ZEALAND,572,6543
2021,IMP,TUNA BLUEFIN,SPAIN,64,3544
2021,IMP,TUNA BLUEFIN,BRAZIL,559,10468
2023,IMP,TUNA BLUEFIN,SPAIN,48143,1581380
2022,IMP,TUNA BLUEFIN,SPAIN,40615,1172704
2023,IMP,TUNA BLUEFIN,CANADA,124403,1678303
2025,IMP,TUNA BLUEFIN,ALBANIA,33592,563787
2025,IMP,TUNA BLUEFIN,ALBANIA,15125,212581
2025,IMP,TUNA BLUEFIN,JAPAN,330,19245
2025,IMP,TUNA BLUEFIN,NEW ZEALAND,1315,14006
2025,IMP,TUNA BLUEFIN,CANADA,87487,1393783
2025,IMP,TUNA BLUEFIN,JAPAN,333,9384
2024,IMP,TUNA BLUEFIN,MEXICO,3232268,72581638
2024,IMP,TUNA BLUEFIN,SPAIN,891369,25475031
2024,IMP,TUNA BLUEFIN,SPAIN,524084,16249944
2024,IMP,TUNA BLUEFIN,SPAIN,1904,58414
2024,IMP,TUNA BLUEFIN,TURKEY,2181,41543
2024,IMP,TUNA BLUEFIN,JAPAN,14823,736219
2024,IMP,TUNA BLUEFIN,JAPAN,1189,62378
2023,IMP,TUNA BLUEFIN,FRANCE,241,5944
2024,IMP,TUNA BLUEFIN,SPAIN,294,10425
2024,IMP,TUNA BLUEFIN,SPAIN,100,2564
2025,IMP,TUNA BLUEFIN,ALBANIA,979,10563
2024,IMP,TUNA BLUEFIN,PORTUGAL,4894,65328
2026,IMP,TUNA BLUEFIN,SPAIN,6569,167662
2026,IMP,TUNA BLUEFIN,CROATIA,1028,10274
2026,IMP,TUNA BLUEFIN,JAPAN,1601,73935
2013,IMP,TUNA BLUEFIN,CYPRUS,27518,91084
2015,IMP,TUNA BLUEFIN,TURKEY,29317,105499
2021,IMP,TUNA BLUEFIN,JAPAN,364,30122
2021,IMP,TUNA BLUEFIN,JAPAN,113,12215
2019,IMP,TUNA BLUEFIN,JAPAN,216,84390
2021,IMP,TUNA BLUEFIN,TURKEY,38,2774
2022,IMP,TUNA BLUEFIN,CROATIA,370,17774
2025,IMP,TUNA BLUEFIN,CROATIA,26802,88717
2026,IMP,TUNA BLUEFIN,JAPAN,64,3831
2012,IMP,TUNA BLUEFIN,MEXICO,17125,20205
2012,IMP,TUNA BLUEFIN,PHILIPPINES,22214,314236
2012,IMP,TUNA BLUEFIN,MALTA,49,6291
2012,IMP,TUNA BLUEFIN,CROATIA,269,22833
2016,IMP,TUNA BLUEFIN,JAPAN,78,5967
2021,IMP,TUNA BLUEFIN,JAPAN,45531,2752581
2019,IMP,TUNA BLUEFIN,LIBYA,1170,51488
2022,IMP,TUNA BLUEFIN,JAPAN,52240,2870456
2023,IMP,TUNA BLUEFIN,SPAIN,151,10784
2022,IMP,TUNA BLUEFIN,SOUTH KOREA,3218,188600
2024,IMP,TUNA BLUEFIN,JAPAN,79,6409
2025,IMP,TUNA BLUEFIN,JAPAN,267,11105
1989,IMP,TUNA BLUEFIN,GREECE,1430,16740
1995,IMP,TUNA BLUEFIN,ITALY,3623,23524
1999,IMP,TUNA BLUEFIN,AUSTRALIA,2126,31668
2001,IMP,TUNA BLUEFIN,AUSTRALIA,68633,1585156
2001,IMP,TUNA BLUEFIN,COSTA RICA,718,2148
2002,IMP,TUNA BLUEFIN,GREECE,418,5009
2003,IMP,TUNA BLUEFIN,MEXICO,4763,26815
2007,IMP,TUNA BLUEFIN,SPAIN,3682,64629
2002,IMP,TUNA BLUEFIN,GREECE,431,8968
2003,IMP,TUNA BLUEFIN,JAPAN,8304,173944
2005,IMP,TUNA BLUEFIN,TUNISIA,18776,343895
1994,IMP,TUNA BLUEFIN,MEXICO,5429,33311
2007,IMP,TUNA BLUEFIN,JAPAN,6607,256828
1994,IMP,TUNA BLUEFIN,AUSTRALIA,3526,37112
1998,IMP,TUNA BLUEFIN,MEXICO,28859,438349
1990,IMP,TUNA BLUEFIN,SPAIN,1787,18111
2001,IMP,TUNA BLUEFIN,CANADA,93,2179
2003,IMP,TUNA BLUEFIN,TURKEY,15133,237029
2005,IMP,TUNA BLUEFIN,SPAIN,72101,1598455
2006,IMP,TUNA BLUEFIN,SPAIN,96947,2144535
1990,IMP,TUNA BLUEFIN,GREECE,1674,19702
2001,IMP,TUNA BLUEFIN,GREECE,12970,137710
2000,IMP,TUNA BLUEFIN,CANADA,6193,153750
2004,IMP,TUNA BLUEFIN,ITALY,3025,56535
2004,IMP,TUNA BLUEFIN,CANADA,619,6825
2005,IMP,TUNA BLUEFIN,CANADA,12510,207076
1992,IMP,TUNA BLUEFIN,ITALY,866,6001
2000,IMP,TUNA BLUEFIN,SPAIN,424,9706
2001,IMP,TUNA BLUEFIN,AUSTRALIA,1248,25523
2004,IMP,TUNA BLUEFIN,TUNISIA,5290,69062
2001,IMP,TUNA BLUEFIN,SPAIN,135328,1985246
2004,IMP,TUNA BLUEFIN,CANADA,117450,1765049
2006,IMP,TUNA BLUEFIN,CANADA,157004,2203738
2002,IMP,TUNA BLUEFIN,ITALY,4058,61295
2004,IMP,TUNA BLUEFIN,MEXICO,21393,253099
1996,IMP,TUNA BLUEFIN,AUSTRALIA,11866,51422
1998,IMP,TUNA BLUEFIN,CANADA,183,4822
2006,IMP,TUNA BLUEFIN,MALTA,41203,822793
2006,IMP,TUNA BLUEFIN,ITALY,17819,224740
1989,IMP,TUNA BLUEFIN,CANADA,7008,75297
2002,IMP,TUNA BLUEFIN,SPAIN,98003,1503129
2006,IMP,TUNA BLUEFIN,TURKEY,674,17761
1993,IMP,TUNA BLUEFIN,UNITED KINGDOM,10645,54509
2005,IMP,TUNA BLUEFIN,CANADA,1381,29858
2004,IMP,TUNA BLUEFIN,CANADA,1158,14380
1991,IMP,TUNA BLUEFIN,CANADA,130989,861217
1992,IMP,TUNA BLUEFIN,CANADA,93126,974838
2005,IMP,TUNA BLUEFIN,CANADA,627,13405
2005,IMP,TUNA BLUEFIN,ITALY,6548,115218
2005,IMP,TUNA BLUEFIN,JAPAN,77,2254
1992,IMP,TUNA BLUEFIN,TAIWAN,487,2435
1997,IMP,TUNA BLUEFIN,CANADA,1388,33742
2001,IMP,TUNA BLUEFIN,TUNISIA,870,8700
2002,IMP,TUNA BLUEFIN,ECUADOR,1498,7404
1989,IMP,TUNA BLUEFIN,FIJI,427,1983
2007,IMP,TUNA BLUEFIN,MALTA,16679,532397
1995,IMP,TUNA BLUEFIN,TUNISIA,2176,23723
2006,IMP,TUNA BLUEFIN,ITALY,3117,43865
2005,IMP,TUNA BLUEFIN,CANADA,792,26175
1998,IMP,TUNA BLUEFIN,COSTA RICA,421,4022
1993,IMP,TUNA BLUEFIN,CANADA,13590,70576
2000,IMP,TUNA BLUEFIN,PORTUGAL,1179,9475
2007,IMP,TUNA BLUEFIN,SPAIN,386,11010
1998,IMP,TUNA BLUEFIN,FRANCE,178,3599
1997,IMP,TUNA BLUEFIN,MEXICO,7500,75000
2006,IMP,TUNA BLUEFIN,JAPAN,1070,53321
2002,IMP,TUNA BLUEFIN,TUNISIA,527,8701
2003,IMP,TUNA BLUEFIN,TAIWAN,512,17069
2006,IMP,TUNA BLUEFIN,AUSTRALIA,1821,32235
2007,IMP,TUNA BLUEFIN,TUNISIA,841,19653
1993,IMP,TUNA BLUEFIN,SPAIN,2300,27045
2001,IMP,TUNA BLUEFIN,MALDIVE IS.,1054,9585
1990,IMP,TUNA BLUEFIN,CANADA,558,4924
2006,IMP,TUNA BLUEFIN,VIETNAM,418,2240
2008,IMP,TUNA BLUEFIN,MALTA,31553,1144314
2008,IMP,TUNA BLUEFIN,PHILIPPINES,947,12098
2008,IMP,TUNA BLUEFIN,MALTA,5073,167409
2008,IMP,TUNA BLUEFIN,SPAIN,568,19311
2008,IMP,TUNA BLUEFIN,CANADA,246,4997
2009,IMP,TUNA BLUEFIN,TUNISIA,3768,110912
2009,IMP,TUNA BLUEFIN,MOROCCO,12980,126208
2009,IMP,TUNA BLUEFIN,CANADA,110134,1404356
2009,IMP,TUNA BLUEFIN,INDONESIA,1077,9680
2009,IMP,TUNA BLUEFIN,MALTA,361,5629
2009,IMP,TUNA BLUEFIN,SPAIN,282,8443
2011,IMP,TUNA BLUEFIN,GREECE,10911,255429
2011,IMP,TUNA BLUEFIN,SPAIN,1744,56304
2011,IMP,TUNA BLUEFIN,MALTA,3571,87933
2010,IMP,TUNA BLUEFIN,SPAIN,210949,5324502
2010,IMP,TUNA BLUEFIN,SPAIN,1497,39316
2010,IMP,TUNA BLUEFIN,PORTUGAL,485,5330
2001,IMP,TUNA BLUEFIN,INDONESIA,2472,17301
2003,IMP,TUNA BLUEFIN,JAPAN,25776,327701
1989,IMP,TUNA BLUEFIN,CANADA,538,4200
1996,IMP,TUNA BLUEFIN,CANADA,4076,49352
2003,IMP,TUNA BLUEFIN,MOROCCO,6187,43308
2005,IMP,TUNA BLUEFIN,SPAIN,22634,469359
2000,IMP,TUNA BLUEFIN,JAPAN,11457,80197
1990,IMP,TUNA BLUEFIN,SPAIN,713,9081
2004,IMP,TUNA BLUEFIN,TUNISIA,2061,20072
2002,IMP,TUNA BLUEFIN,CANADA,5692,55724
2007,IMP,TUNA BLUEFIN,MEXICO,5233,57564
2008,IMP,TUNA BLUEFIN,CROATIA,1944,66871
2009,IMP,TUNA BLUEFIN,JAPAN,3812,137572
2009,IMP,TUNA BLUEFIN,CYPRUS,193,12811
2009,IMP,TUNA BLUEFIN,MALTA,24,2797
2010,IMP,TUNA BLUEFIN,CROATIA,474,38360
2011,IMP,TUNA BLUEFIN,JAPAN,1892,72225
2006,IMP,TUNA BLUEFIN,AUSTRALIA,8086,141476
2004,IMP,TUNA BLUEFIN,AUSTRALIA,190,2468
2002,IMP,TUNA BLUEFIN,AUSTRALIA,11097,300916
2004,IMP,TUNA BLUEFIN,AUSTRALIA,907,13181
2015,IMP,TUNA BLUEFIN,MALTA,1743,37267
2015,IMP,TUNA BLUEFIN,CROATIA,9536,218417
2010,IMP,TUNA BLUEFIN,AUSTRALIA,915,12881
2012,IMP,TUNA BLUEFIN,NEW ZEALAND,1103,7140
2012,IMP,TUNA BLUEFIN,SOUTH AFRICA,1105,3314
2012,IMP,TUNA BLUEFIN,AUSTRALIA,2442,39365
2013,IMP,TUNA BLUEFIN,CANADA,18044,391425
2017,IMP,TUNA BLUEFIN,NEW ZEALAND,2038,22463
2018,IMP,TUNA BLUEFIN,NEW ZEALAND,645,5530
2019,IMP,TUNA BLUEFIN,SOUTH AFRICA,9746,126259
2019,IMP,TUNA BLUEFIN,SOUTH AFRICA,1098,14056
2023,IMP,TUNA BLUEFIN,NEW ZEALAND,18244,231019
2023,IMP,TUNA BLUEFIN,AUSTRALIA,120146,1499263
2020,IMP,TUNA BLUEFIN,AUSTRALIA,40053,500108
2024,IMP,TUNA BLUEFIN,NEW ZEALAND,24611,251607
2007,IMP,TUNA BLUEFIN,AUSTRALIA,3096,149785
2003,IMP,TUNA BLUEFIN,INDONESIA,88200,176400
2005,IMP,TUNA BLUEFIN,AUSTRALIA,139,8062
2005,IMP,TUNA BLUEFIN,JAPAN,176,10065
2008,IMP,TUNA BLUEFIN,JAPAN,8014,415313
2010,IMP,TUNA BLUEFIN,INDONESIA,42612,781979
2010,IMP,TUNA BLUEFIN,AUSTRALIA,354,19401
2011,IMP,TUNA BLUEFIN,AUSTRALIA,14869,792689
2014,IMP,TUNA BLUEFIN,SOUTH KOREA,12878,725628
2018,IMP,TUNA BLUEFIN,LIBYA,3661,198772
2020,IMP,TUNA BLUEFIN,INDONESIA,300,8830
2024,IMP,TUNA BLUEFIN,SOUTH KOREA,4276,190273
2014,IMP,TUNA BLUEFIN,CANADA,81037,1240400
2014,IMP,TUNA BLUEFIN,MEXICO,321543,5723076
2012,IMP,TUNA BLUEFIN,JAPAN,803,34587
2012,IMP,TUNA BLUEFIN,PORTUGAL,896,15225
2015,IMP,TUNA BLUEFIN,MEXICO,41768,407476
2016,IMP,TUNA BLUEFIN,SPAIN,1106,29967
2016,IMP,TUNA BLUEFIN,SPAIN,122001,3391682
2016,IMP,TUNA BLUEFIN,JAPAN,15497,631537
2014,IMP,TUNA BLUEFIN,JAPAN,119,5058
2014,IMP,TUNA BLUEFIN,PORTUGAL,1403,37536
2014,IMP,TUNA BLUEFIN,PORTUGAL,600,16516
2016,IMP,TUNA BLUEFIN,SPAIN,2185,46077
2016,IMP,TUNA BLUEFIN,PORTUGAL,165,3870
2015,IMP,TUNA BLUEFIN,MALTA,343,7638
2016,IMP,TUNA BLUEFIN,CROATIA,802,12541
2017,IMP,TUNA BLUEFIN,MEXICO,24563,219104
2017,IMP,TUNA BLUEFIN,SPAIN,18942,498419
2017,IMP,TUNA BLUEFIN,JAPAN,13868,609332
2017,IMP,TUNA BLUEFIN,JAPAN,26080,810183
2017,IMP,TUNA BLUEFIN,CHINA,419,10061
2017,IMP,TUNA BLUEFIN,SOUTH AFRICA,3411,34110
2017,IMP,TUNA BLUEFIN,JAPAN,81,3736
2018,IMP,TUNA BLUEFIN,CROATIA,299,3482
2018,IMP,TUNA BLUEFIN,TURKEY,938,16573
2021,IMP,TUNA BLUEFIN,SPAIN,27976,822798
2021,IMP,TUNA BLUEFIN,SPAIN,20482,569057
2019,IMP,TUNA BLUEFIN,MEXICO,34665,359276
2019,IMP,TUNA BLUEFIN,SPAIN,79416,2068146
2020,IMP,TUNA BLUEFIN,TURKEY,1612,33886
2020,IMP,TUNA BLUEFIN,JAPAN,4391,196613
2020,IMP,TUNA BLUEFIN,JAPAN,751,42978
2019,IMP,TUNA BLUEFIN,SOUTH AFRICA,504,5969
2019,IMP,TUNA BLUEFIN,SPAIN,3952,107047
2019,IMP,TUNA BLUEFIN,SPAIN,1545,41301
2020,IMP,TUNA BLUEFIN,TURKEY,794,20092
2020,IMP,TUNA BLUEFIN,JAPAN,32,2158
2020,IMP,TUNA BLUEFIN,JAPAN,697,50126
2021,IMP,TUNA BLUEFIN,SOUTH AFRICA,237,4959
2022,IMP,TUNA BLUEFIN,JAPAN,5887,277476
2023,IMP,TUNA BLUEFIN,SPAIN,5446,188542
2023,IMP,TUNA BLUEFIN,JAPAN,1388,97290
2023,IMP,TUNA BLUEFIN,JAPAN,567,33680
2023,IMP,TUNA BLUEFIN,JAPAN,2037,130176
2022,IMP,TUNA BLUEFIN,SPAIN,451142,12563531
2023,IMP,TUNA BLUEFIN,SOUTH AFRICA,263,5798
2022,IMP,TUNA BLUEFIN,MALTA,443,12403
2025,IMP,TUNA BLUEFIN,JAPAN,6095,194272
2025,IMP,TUNA BLUEFIN,JAPAN,3911,213299
2025,IMP,TUNA BLUEFIN,SPAIN,777093,20735480
2024,IMP,TUNA BLUEFIN,JAPAN,1543,71512
2024,IMP,TUNA BLUEFIN,JAPAN,25320,934290
2024,IMP,TUNA BLUEFIN,ALBANIA,28796,756468
2023,IMP,TUNA BLUEFIN,TURKEY,9581,224255
2025,IMP,TUNA BLUEFIN,MOROCCO,2556,69714
2024,IMP,TUNA BLUEFIN,TURKEY,518,11973
2024,IMP,TUNA BLUEFIN,TUNISIA,1278,32466
2024,IMP,TUNA BLUEFIN,NORWAY,3995,52853
2024,IMP,TUNA BLUEFIN,SPAIN,9873,209265
2024,IMP,TUNA BLUEFIN,ALBANIA,145,3799
2026,IMP,TUNA BLUEFIN,SPAIN,8089,240492
2026,IMP,TUNA BLUEFIN,NEW ZEALAND,1069,12153
2015,IMP,TUNA BLUEFIN,MALTA,41326,241597
2013,IMP,TUNA BLUEFIN,TURKEY,63805,211195
2013,IMP,TUNA BLUEFIN,AUSTRALIA,51228,169564
2012,IMP,TUNA BLUEFIN,INDONESIA,3062,53438
2015,IMP,TUNA BLUEFIN,TURKEY,19999,88571
2018,IMP,TUNA BLUEFIN,CROATIA,51057,169000
2021,IMP,TUNA BLUEFIN,TURKEY,204,9053
2019,IMP,TUNA BLUEFIN,JAPAN,16166,53510
2020,IMP,TUNA BLUEFIN,TURKEY,73,5216
2020,IMP,TUNA BLUEFIN,JAPAN,12,3184
2024,IMP,TUNA BLUEFIN,JAPAN,14036,79579
2025,IMP,TUNA BLUEFIN,JAPAN,36,2986
2022,IMP,TUNA BLUEFIN,ALGERIA,66,3081
2014,IMP,TUNA BLUEFIN,TURKEY,396,29467
2014,IMP,TUNA BLUEFIN,TURKEY,276,20045
2012,IMP,TUNA BLUEFIN,CANADA,1158,14042
2018,IMP,TUNA BLUEFIN,JAPAN,36807,1586370
2019,IMP,TUNA BLUEFIN,TURKEY,380,21154
2023,IMP,TUNA BLUEFIN,SPAIN,2250,124085
